DOR DE CABECA,,,,,,,,,,,,,,,,,,,,,,,,,,,,,,,,,,,,,,,,,,,,,,,,,,,,,,,,,,,,,,,,,,,,,,,,,,,,,,,,,,,,,,,,,,,,,,,,,,,,,,,,,,,,,,,,,,,,,,,,,,,,,,,,,,,,,,,,,,,,,,,,,,,,,,,,,,,,,,,,,,,,,,,,,,,,,,,,,,,,,,,,,,,,,,,,,,,,,,,,,,,,,,,,,,,,,,,,,,,,,,,,,,,,,,,,,,,,,,,,,,,,,,,,,,,,,,,,,,,,,,,,,,,,,,,,,,,,,,,,,,,,,,,,,,,,,,,,,,,,,,,,,,,,,,,,,,,,,,,,,,,,,,,,,,,,,,,,,,,,,,,,,,,,,,,,,,,,,,,,,,,,,,,,,,,,,,,,,,,,,,,,,,,,,,,,,,,,,,,,,,,,,,,,,,,,,,,,,,,,,,,,,,,,,,,,,,,,,,,,,,,,,,,,,,,,,,,,,,,,,,,,,,,,,,,,,,,,,,,,,,,,,,,,,,,,,,,,,,,,,,,,,,,,,,,,,,,,,,,,,,,,,,,,,,,,,,,,,,,,,,,,,,,,,,,,,,,,,,,,,,,,,,,,,,,,,,,,,,,,,,,,,,,,,,,,,,,,,,,,,,,,,,,,,,,,,,,,,,,,,,,,,,,,,,,,,,,,,,,,,,,,,,,,,,,,,,,,,,,,,,,,,,,,,,,,,,,,,,,,,,,,,,,,,,,,,,,,,,,,,,,,,,,,,,,,,,,,,,,,,,,,,,,,,,,,,,,,,,,,,,,,,,,,,,,,,,,,,,,,,,,,,,,,,,
ES,0,0,0,0,0,0,0,0,0,0,0,0,0,0,0,0,0,0,0,0,0,0,0,0,0,0,0,0,0,0,0,0,0,0,0,0,0,0,0,0,0,0,0,0,0,0,0,0,0,0,0,0,0,0,0,0,0,0,0,0,0,0,0,0,0,0,0,0,0,0,0,0,0,0,0,0,0,0,0,0,0,0,0,0,0,0,0,0,0,0,0,0,0,0,0,0,0,0,0,0,0,0,0,0,0,0,0,0,0,0,0,0,0,0,0,0,0,0,0,0,0,0,0,0,0,0,0,0,0,0,0,0,0,0,0,0,0,0,0,0,0,0,0,0,0,0,0,0,0,0,0,0,0,0,0,0,0,0,0,0,0,0,0,0,0,0,0,0,0,0,0,0,0,0,0,0,0,0,0,0,0,0,0,0,0,0,0,0,0,0,0,0,0,0,0,0,0,0,0,0,0,0,0,0,0,0,100,0,0,0,0,0,0,0,0,0,0,0,0,0,0,0,0,0,0,0,0,0,0,0,0,0,0,0,0,0,0,0,0,0,0,0,0,0,0,0,0,0,0,0,0,0,0,0,0,0,0,0,0,0,0,0,0,0,0,0,0,0,0,0,0,0,0,0,0,0,0,0,0,0,0,0,0,0,0,27,0,0,0,0,0,0,0,0,0,0,0,0,0,0,0,0,0,0,0,0,0,0,0,0,0,0,0,0,0,0,0,0,0,0,0,0,0,0,0,0,0,0,0,0,0,0,0,0,0,0,0,0,0,0,0,0,0,0,0,0,0,0,0,0,0,0,0,0,0,0,0,0,0,0,0,0,0,0,0,0,0,0,0,0,0,0,0,9,0,0,0,0,0,0,0,0,9,9,9,9,0,0,0,0,0,0,0,0,0,0,0,0,0,0,0,0,0,0,0,0,7,0,0,0,0,0,0,15,0,0,0,0,0,0,0,0,0,8,0,0,0,0,0,0,0,0,0,0,0,0,0,0,0,0,0,0,0,0,0,0,7,0,0,0,0,0,0,0,0,0,6,9,12,6,6,6,6,6,6,6,6,9,12,15,0,0,0,24,40,55,71,22,22,22,22,24,23,46,0,0,0,0,0,0,24,23,30,38,46,23,23,23,23,23,23,23,23,0,0,0,0,0,0,0,0,0,0,0,0,0,0,0,0,0,0,26,21,19,19,18,19,19,36,34,34,34,34,17,16,34,18,52,18,18,18,27,35,43,91,22,22,22,22,22,44,21,32,43,22,21,21,21,21,21,21,21,21,21,21,21,21,22,32,43,22,22,55,22,22,32,41,41,41,21,20,20,61,40,38,41,20,78,20,20,19,19,38,18,19,100,77,96,18,18,38,20,39,94,19,19,19,19,19,19,37,55,18,38,20,20,20,20,19,37,53,92,100,20,24,24,75,18,52,18,18,43,88,17,16,17,33,18,17,17,17,52,82,17,34,33,37,48,17,34,33,32,17,35,34,35,35,36,33,67,31,17,32,48,78,33,33,62,46,78,3,9,19,12,9,14,21,18,15,16,16,21,16,8,14,17,17,13,12,17,15,16,4,10,19,11,7,15,16,15,13,13,14,15,14,7,13,17,12,11,11,15,15,11,5,13,18,10,6,16,15,12,12,13,14,14,12,7,14,17,11,10,11,15,16,9,5,17,18,8,6,17,14,11,12,13,14,13,10,8,14,16,9,10,14,14,16,8,5,17,18,7,6,17,14,10,12,13,14,14
MG,0,0,0,0,0,0,0,0,0,0,0,0,0,0,0,0,0,0,0,0,0,0,0,0,0,0,0,0,0,0,0,0,0,0,0,0,0,0,0,0,0,0,0,0,0,0,0,0,0,0,0,0,0,0,0,0,0,0,0,0,0,0,0,0,0,0,0,0,0,0,0,0,0,0,0,0,0,0,0,0,0,0,0,0,0,0,0,0,0,0,0,0,0,0,0,0,0,0,0,0,0,0,0,0,0,0,0,0,0,0,0,0,0,0,0,0,0,0,0,0,0,0,0,0,0,0,0,0,0,0,0,0,0,0,0,0,0,0,0,0,0,0,0,0,0,0,0,0,0,0,0,0,0,0,0,0,0,0,0,0,0,0,0,0,0,0,0,0,0,0,0,0,0,0,0,0,0,0,0,0,0,0,0,0,0,0,0,0,0,0,0,0,0,0,0,0,0,0,0,0,0,0,0,0,0,0,0,0,0,0,0,0,0,0,0,0,0,0,0,0,0,0,0,0,0,0,0,0,38,0,0,0,0,0,0,0,0,0,0,0,0,0,0,0,0,0,0,0,0,0,0,0,0,0,0,0,0,0,0,0,50,0,0,0,0,0,0,0,0,0,0,0,0,0,0,0,0,0,0,0,0,0,0,0,0,0,0,0,0,0,0,0,0,0,0,0,0,0,0,0,0,0,0,0,0,0,0,0,0,0,0,0,0,0,0,0,0,0,0,0,0,0,0,0,0,0,0,0,0,0,0,0,0,0,0,0,54,0,0,0,0,0,0,0,0,0,0,0,0,0,0,0,0,0,0,0,0,0,0,0,0,0,0,0,0,0,0,0,0,0,0,0,0,0,13,11,0,0,0,0,0,0,0,0,0,0,0,0,0,0,0,0,0,0,0,0,0,0,0,10,0,0,0,0,0,0,0,0,0,17,0,0,0,0,0,9,8,8,8,8,8,0,0,0,0,0,15,8,8,8,9,8,8,0,0,0,0,0,0,8,7,7,7,7,0,0,0,0,0,0,0,7,7,7,7,7,7,7,7,7,7,14,7,7,7,7,8,8,8,8,11,0,0,0,0,0,5,8,10,5,5,5,5,5,5,5,5,5,5,5,5,5,0,0,0,0,0,4,4,4,4,4,4,4,4,4,4,4,4,4,4,4,4,0,0,0,0,0,0,0,0,0,0,0,0,0,0,0,0,0,0,0,4,6,7,8,0,0,0,0,0,0,4,4,5,5,5,5,5,0,0,0,0,0,4,4,4,4,4,0,0,0,0,0,0,4,4,4,4,0,0,0,0,0,9,10,11,12,4,4,6,7,8,4,4,9,5,4,4,6,7,9,4,4,4,0,0,0,0,0,11,4,4,4,4,4,4,4,4,4,3,3,3,4,4,3,5,6,7,4,7,11,4,0,0,0,0,0,5,5,5,5,9,5,9,11,13,14,13,13,4,19,22,28,27,4,5,4,4,5,5,5,5,6,8,9,9,4,4,13,4,6,8,4,4,4,5,4,0,0,21,4,5,3,1,0,33,4,5,2,-1,5,18,5,6,3,1,3,10,5,5,3,2,2,6,5,5,4,3,2,4,4,5,5,4,3,3,3,4,4,5,4,4,3,3,3,4,4,5,4,4,3,3,3,4,4,5,4,4,3,3,3,4,4,5,4,4,3,3,3,4,4,5,4,4,3,3,3,4,4,5,4,4,3,3,3,4,4,5,4,4,3,3,3,4,4,5,4,4,3
SP,0,0,0,0,67,0,0,0,0,0,53,0,0,0,0,0,0,0,0,0,0,0,0,48,0,0,0,0,0,0,0,0,0,0,0,0,0,0,0,0,57,0,0,0,0,0,0,0,0,47,46,46,46,46,0,0,0,0,0,0,0,0,0,0,0,0,0,0,37,0,0,0,0,0,0,0,36,0,0,0,0,0,0,0,0,0,0,0,0,31,0,0,0,0,0,0,0,0,0,0,0,0,0,0,0,34,0,0,0,0,0,0,0,0,0,25,0,0,0,0,0,0,0,0,0,0,0,0,0,0,0,0,0,0,0,0,0,21,22,23,19,19,19,19,0,0,0,0,0,0,0,0,0,18,0,0,0,0,0,0,87,0,0,0,0,0,0,0,0,0,0,0,0,0,0,32,33,34,35,33,33,33,33,0,0,0,0,0,0,0,0,31,27,27,0,0,0,0,0,0,0,0,0,0,0,0,58,40,26,26,26,26,26,30,24,24,24,24,23,23,23,24,24,24,24,22,22,22,22,22,22,23,23,23,23,24,24,22,22,22,22,21,21,43,21,26,31,35,40,21,0,0,0,0,0,0,0,0,22,31,21,21,21,20,0,0,0,0,0,0,0,36,18,18,18,18,19,19,23,26,30,34,18,17,17,17,17,37,34,34,34,17,17,33,17,17,17,17,17,17,23,29,35,36,37,17,17,18,18,18,0,0,0,0,19,18,0,0,0,0,0,18,17,17,17,17,17,17,18,17,18,18,19,19,20,18,19,19,19,19,35,17,17,17,17,17,17,33,16,16,16,16,16,54,31,31,17,27,36,46,0,0,0,0,0,5,9,4,5,4,4,13,22,17,10,4,8,25,17,13,9,4,8,16,8,20,16,8,17,9,8,8,8,12,8,19,4,19,11,18,15,11,14,28,7,17,10,21,14,14,14,14,10,7,14,15,11,11,13,19,22,17,10,30,22,29,22,6,6,22,10,10,25,19,20,18,19,34,22,16,37,18,15,25,25,9,18,26,33,15,9,12,25,34,12,20,14,44,32,21,22,41,18,6,38,37,41,36,18,34,25,15,22,18,27,24,25,23,21,26,21,24,19,17,21,22,17,7,25,18,36,26,21,17,26,17,23,22,19,23,20,10,27,20,29,33,28,28,25,20,24,26,21,20,32,31,26,21,34,32,33,24,32,19,28,30,35,26,34,26,24,20,26,20,33,48,25,33,27,42,33,27,31,35,33,23,52,49,28,32,21,33,28,21,43,23,33,26,35,29,27,38,24,35,20,25,34,37,26,37,62,32,35,53,45,29,36,52,40,39,46,66,43,53,52,55,41,42,65,54,37,43,52,54,56,51,70,27,48,50,55,49,59,35,48,45,62,41,43,60,64,50,58,44,58,45,57,54,43,53,42,36,63,40,61,100,51,70,96,90,90,63,87,76,80,87,72,79,100,88,87,71,50,47,55,84,60,80,49,38,55,53,55,60,44,73,57,57,67,62,81,80,56,71,58,56,99,60,68,60,3,3,21,7,6,12,7,12,9,6,12,11,11,10,8,13,10,9,14,10,10,10,-3,2,47,-2,-1,45,0,2,9,4,3,7,5,-1,8,9,2,2,10,5,-1,7,0,0,48,-3,-1,48,-3,-1,40,-2,-5,43,-2,-7,40,-1,-3,37,3,-2,3,16,-2,-3,47,-4,-3,47,-2,-3,48,-1,-4,48,-2,-3,48,-2,-4,48,-2,-4,38,5,-4,3,47,-3,-4,47,-3,-2,47,-2,-4,48
GO,0,0,0,0,0,0,0,0,0,0,0,0,0,0,0,0,0,0,0,0,0,0,0,0,0,0,0,0,0,0,0,0,0,0,0,0,0,0,0,0,0,0,0,0,0,0,0,0,0,0,0,0,0,0,0,0,0,0,0,0,0,0,0,0,0,0,0,0,0,0,0,0,0,0,0,0,0,0,0,0,0,0,0,0,0,0,0,0,0,0,0,0,0,0,0,0,0,0,0,0,0,0,0,0,0,0,0,0,0,0,0,0,0,0,0,0,0,0,0,0,0,0,0,0,0,0,0,0,0,0,0,0,0,0,0,0,0,0,0,0,0,0,0,0,0,0,0,0,0,0,0,0,0,0,0,0,0,0,0,0,0,0,0,0,0,0,0,0,0,0,0,0,0,0,0,0,0,0,0,0,0,0,0,0,0,0,0,0,0,0,0,0,0,0,0,0,0,0,0,0,0,0,0,0,0,0,0,0,0,0,0,0,0,0,0,0,0,0,0,0,0,0,0,0,0,0,0,0,0,0,0,0,0,0,0,0,0,0,0,0,0,0,0,0,0,0,0,0,0,0,0,0,0,0,0,0,0,0,0,0,0,0,0,0,0,0,0,0,0,0,0,0,0,0,0,0,0,0,0,0,0,0,0,0,0,0,0,0,0,0,0,0,0,0,0,0,0,0,0,0,0,0,0,0,0,0,0,0,0,0,0,0,0,0,0,0,0,0,0,0,0,0,0,0,0,0,0,0,0,0,0,0,0,0,0,0,0,0,0,0,0,0,0,0,0,0,0,0,0,0,0,0,0,0,0,0,0,0,0,0,0,0,0,0,0,0,0,0,0,0,0,0,0,0,0,0,0,0,0,0,0,0,0,0,0,0,0,0,0,0,0,0,0,0,0,0,0,0,0,0,0,0,0,0,0,0,0,0,0,0,0,0,0,0,0,0,0,0,0,0,0,0,0,0,0,0,0,0,0,0,0,0,0,0,0,0,0,0,0,0,0,0,0,0,0,0,0,0,0,0,0,0,0,0,0,0,0,0,0,0,0,0,0,0,0,0,0,0,0,0,0,0,0,0,0,0,0,0,0,0,0,0,0,0,0,0,0,0,0,0,0,0,0,0,0,0,0,0,0,0,0,0,0,0,0,0,0,0,0,0,0,0,0,0,0,0,0,0,0,0,0,0,0,0,0,0,0,0,0,0,0,0,0,0,0,0,0,0,0,0,0,0,0,0,0,0,0,0,0,0,0,0,0,0,0,0,0,0,0,0,0,0,0,0,0,0,0,0,0,0,0,0,0,0,0,0,0,0,0,0,0,0,0,0,0,0,0,0,0,0,0,0,0,0,0,0,0,0,0,0,0,0,0,0,0,0,0,0,0,0,0,0,0,0,0,0,0,0,0,0,0,0,0,0,0,0,0,0,0,0,0,0,0,0,0,0,0,0,0,0,0,0,0,0,0,0,0,0,0,0,0,0,0,0,0,0,0,0,0,0,0,0,0,0,0,0,0,0,0,0,0,0,0,0,0,0,0,0,0,0,0,0,0,0,0,0,0,0,0,0,0,0,0,0,0,0,0,0,0,0,0,0,0,0,0,0,0,0,0,0,0,0,0,0,0,0,0,0,0,0,0,0,0,0,0,0,0,0,0,0,0,0,0,0,0,0,0,0,0,0,0,0,0,0,0,0,0,0,0,0,0,0,0,0,0,0,0,0,0,0,0,0,0,0,0,0,0,0,0,0
MT,0,0,0,0,0,0,0,0,0,0,0,0,0,0,0,0,0,0,0,0,0,0,0,0,0,0,0,0,0,0,0,0,0,0,0,0,0,0,0,0,0,0,0,0,0,0,0,0,0,0,0,0,0,0,0,0,0,0,0,0,0,0,0,0,0,0,0,0,0,0,0,0,0,0,0,0,0,0,0,0,0,0,0,0,0,0,0,0,0,0,0,0,0,0,0,90,100,0,0,0,0,0,0,0,0,0,0,85,0,0,0,0,0,0,0,0,0,0,0,0,0,0,0,0,0,0,0,0,0,0,0,0,0,0,0,0,0,0,0,0,0,0,0,0,0,0,0,0,0,0,0,0,0,0,0,0,0,0,0,0,0,0,0,0,0,0,0,0,0,0,73,0,0,0,0,0,0,0,0,0,0,0,0,0,0,0,0,0,0,0,0,0,0,0,0,0,0,0,0,0,0,0,0,0,0,0,0,0,0,0,0,0,0,0,0,0,0,0,0,0,0,0,0,50,0,0,0,0,0,0,0,0,0,0,0,0,0,53,0,0,0,0,0,0,0,0,0,0,0,0,0,0,0,0,0,0,0,49,0,0,0,0,0,0,0,0,0,0,0,0,0,0,0,0,0,0,0,0,0,0,41,0,0,0,0,0,0,0,0,0,0,0,0,0,0,0,0,0,0,0,0,0,0,0,0,0,0,0,0,0,0,61,0,0,100,0,0,0,0,0,0,0,0,0,84,0,0,0,0,0,0,0,0,0,0,0,0,0,0,0,0,0,0,0,0,0,0,0,0,83,0,0,0,0,0,0,0,0,0,0,0,0,0,0,0,0,0,0,28,28,28,28,0,0,0,0,0,0,0,26,26,26,26,26,25,25,25,25,26,27,0,0,0,0,0,0,0,24,24,24,24,24,24,24,24,24,22,22,22,22,24,22,0,0,0,0,0,0,0,0,0,20,22,23,25,22,22,22,32,42,0,0,0,0,0,43,21,21,21,21,21,21,21,0,0,0,0,0,0,0,0,0,45,0,0,0,0,0,0,20,20,20,21,20,20,20,21,22,24,26,0,0,0,0,36,53,70,51,68,36,36,36,45,34,33,33,69,84,51,32,33,48,62,32,32,32,31,32,33,31,39,46,31,63,32,31,31,62,31,31,31,30,30,30,32,77,29,45,60,32,36,41,32,31,91,45,45,45,59,58,29,29,38,28,35,43,31,30,44,42,42,27,59,60,31,49,31,31,30,29,36,43,52,29,29,29,30,60,57,29,29,39,30,30,49,44,45,32,48,59,31,75,42,40,29,29,29,29,57,74,63,29,47,37,82,30,74,82,46,72,56,70,38,44,28,60,88,100,65,36,39,35,78,42,42,50,74,38,50,40,49,88,39,92,38,47,73,50,48,49,67,94,42,78,98,65,24,34,67,44,63,59,43,61,68,41,90,21,20,20,40,62,60,20,40,20,65,75,20,90,49,70,90,59,40,79,48,60,77,77,55,30,47,19,75,37,49,83,56,28,15,43,31,42,43,34,19,41,28,32,39,43,37,20,31,13,43,22,34,43,37,12,17,42,27,38,36,21,18,42,20,28,34,37,35,19,26,12,43,15,34,43,28,6,21,42,21,39,33,12,20,41,13,28,30,37,35,17,18,17,43,11,39,43,17,2,30,43,13,39,33,6,20,39,5,28,24,39,36,9,10,28,42,6,41,41,5,3,42,40,10,39,33,5,19,36,5,28,23,40
MS,0,0,0,0,0,0,0,0,0,0,0,0,0,0,0,0,0,0,0,0,0,0,0,0,0,0,0,0,0,0,0,0,0,0,0,0,0,0,0,0,0,0,0,0,0,0,0,0,0,0,0,0,0,0,0,0,0,0,0,0,0,0,0,0,0,0,0,0,0,0,0,0,0,0,0,0,0,0,0,0,0,0,0,0,0,0,0,0,0,0,0,0,0,0,0,0,0,0,0,0,0,0,0,0,0,0,0,0,0,0,0,0,0,0,0,0,0,0,0,0,0,0,0,0,0,0,0,0,0,0,0,0,0,0,0,0,0,0,0,0,0,0,0,0,0,0,0,0,0,0,0,0,0,0,0,0,0,0,0,0,0,0,0,0,0,0,0,0,0,0,0,0,0,0,0,0,0,0,0,0,0,0,0,0,0,0,0,0,0,0,0,0,0,0,0,0,0,0,0,0,0,0,0,0,0,0,0,0,0,0,0,0,0,0,0,0,0,0,0,0,0,0,0,0,0,0,0,0,0,0,0,0,0,0,0,0,0,0,0,0,0,0,0,0,0,0,0,0,0,0,0,0,0,0,0,0,0,0,0,0,0,0,0,0,0,0,0,0,0,0,0,0,0,0,0,0,0,0,0,0,0,0,0,0,0,0,0,0,0,0,0,0,0,0,0,0,0,0,0,0,0,0,0,0,0,0,0,0,0,0,0,0,0,0,0,0,0,0,0,0,0,0,0,0,0,0,0,0,0,0,0,0,0,0,0,0,0,0,0,0,0,0,0,0,0,0,0,0,0,0,0,0,0,0,0,0,0,0,0,0,0,0,0,0,0,0,0,0,0,0,0,0,0,0,0,0,0,0,0,0,0,0,0,0,0,0,0,0,0,0,0,0,0,0,0,0,0,0,0,0,0,0,0,0,0,0,0,0,0,0,0,0,0,0,0,0,0,0,0,0,0,0,0,0,0,0,0,0,0,0,0,0,0,0,0,0,0,0,0,0,0,0,0,0,0,0,0,0,0,0,0,0,0,0,0,0,0,0,0,0,0,0,0,0,0,0,0,0,0,0,0,0,0,0,0,0,0,0,0,0,0,0,0,0,0,0,0,0,0,0,0,0,0,0,0,0,0,0,0,0,0,0,0,0,0,0,0,0,0,0,0,0,0,0,0,0,0,0,0,0,0,0,0,0,0,0,0,0,0,0,0,0,0,0,0,0,0,0,0,0,0,0,0,0,0,0,0,0,0,0,0,0,0,0,0,0,0,0,0,0,0,0,0,0,0,0,0,0,0,0,0,0,0,0,0,0,0,0,0,0,0,0,0,0,0,0,0,0,0,0,0,0,0,0,0,0,0,0,0,0,0,0,0,0,0,0,0,0,0,0,0,0,0,0,0,0,0,0,0,0,0,0,0,0,0,0,0,0,0,0,0,0,0,0,0,0,0,0,0,0,0,0,0,0,0,0,0,0,0,0,0,0,0,0,0,0,0,0,0,0,0,0,0,0,0,0,0,0,0,0,1,1,0,0,1,1,1,0,1,1,1,1,1,1,1,1,1,1,1,1,1,1,1,1,1,1,1,1,1,1,1,1,1,1,1,1,1,1,1,1,1,1,1,1,1,1,1,1,1,1,1,1,1,1,1,1,1,1,1,1,1,1,1,1,1,1,1,1,1,1,1,1,1,1,1,1,1,1,1,1,1,1,1,1,1,1,1,1,1,1,1,1,1,1,1,1,1,1,1,1
PR,0,0,0,0,0,0,0,0,0,0,0,0,0,0,0,0,0,0,0,0,0,0,0,0,0,0,0,0,0,0,0,0,0,0,0,0,0,0,0,0,0,0,0,0,0,0,0,0,0,0,0,0,0,0,0,0,0,0,0,0,0,0,0,0,0,0,0,0,0,0,0,0,0,0,0,0,0,0,0,0,0,0,0,0,0,0,0,0,0,0,0,0,0,0,0,0,0,0,0,0,0,0,0,0,0,47,0,0,0,0,0,0,0,0,0,0,0,0,0,0,0,0,0,0,0,0,0,0,0,0,0,0,0,0,0,0,0,0,0,0,0,0,0,0,0,25,0,0,0,0,0,0,0,0,0,0,0,0,0,0,0,0,0,0,0,0,0,0,0,0,0,0,0,0,0,43,0,0,0,0,0,0,0,0,0,0,0,0,0,0,0,0,0,0,0,0,0,0,0,0,0,0,0,39,43,48,52,56,61,43,43,43,43,41,41,41,0,0,0,0,0,39,0,0,0,0,0,0,0,0,39,39,39,40,40,0,0,0,0,0,0,0,0,0,0,0,0,0,0,38,69,100,39,39,39,39,39,0,0,0,0,0,0,0,0,0,0,0,0,0,0,0,0,0,0,0,0,0,0,0,0,31,32,32,32,32,0,0,0,0,0,0,33,0,0,0,0,0,0,0,0,34,32,32,32,32,32,0,0,0,0,0,0,0,0,0,0,0,0,0,0,50,0,0,0,0,0,0,0,0,0,0,0,0,0,0,0,0,0,0,0,49,0,0,0,0,0,0,54,47,0,0,0,0,0,46,46,47,47,47,48,49,50,0,0,0,0,0,0,0,0,16,17,17,16,16,15,15,16,17,18,15,15,15,15,31,16,21,26,32,29,34,39,44,14,14,18,22,26,13,14,13,13,13,16,19,22,26,13,17,22,26,13,13,20,27,15,25,35,12,23,25,14,14,14,19,24,13,13,13,13,24,23,23,11,11,12,11,22,25,12,33,12,12,12,12,12,12,12,23,11,11,13,11,11,11,12,12,17,22,10,10,10,19,20,30,21,11,28,64,20,20,19,48,28,31,9,36,27,27,41,18,25,25,42,17,17,52,17,32,34,42,33,37,42,46,50,39,39,39,19,10,19,30,41,53,34,26,17,18,43,9,8,16,27,24,16,8,8,18,11,11,43,33,65,24,24,31,23,22,17,15,21,22,35,35,54,38,16,16,40,24,51,35,36,19,9,14,19,18,18,26,19,26,26,17,17,35,58,16,33,33,34,58,25,25,33,34,16,17,34,9,44,66,34,92,34,71,48,32,71,32,38,39,54,51,25,39,38,32,72,16,62,30,15,42,53,38,56,24,25,64,67,50,17,33,49,65,24,52,41,39,30,40,100,15,31,24,64,8,51,40,67,27,67,56,83,71,82,78,75,77,85,56,39,96,63,25,47,95,54,100,40,40,53,94,60,52,56,64,54,69,80,94,73,46,69,79,53,64,52,59,85,69,76,68,24,38,53,56,17,20,18,22,24,24,21,17,23,24,20,20,21,24,24,24,24,24,14,24,24,23,12,15,13,20,20,18,16,11,21,21,15,17,19,21,21,20,19,20,10,23,21,18,11,12,10,21,19,14,14,10,21,20,11,16,21,20,18,17,16,19,10,23,21,13,11,11,9,24,18,11,14,10,21,20,10,16,23,18,14,15,14,21,10,23,20,10,11,13,8,24,18,10,14,10,21,21,10,16
RS,0,0,0,0,0,0,0,0,0,0,0,0,0,0,0,0,0,0,0,0,0,0,0,0,0,0,0,0,0,0,0,0,0,0,0,0,0,0,0,0,0,0,0,0,0,0,0,0,0,0,0,0,0,0,0,0,0,100,73,73,0,0,0,0,0,0,0,0,0,0,0,0,0,0,0,0,0,0,0,0,0,0,0,0,0,0,0,0,0,0,0,0,0,0,0,0,0,0,0,0,0,0,0,0,0,0,0,0,0,0,0,0,0,0,0,0,0,0,0,0,0,0,0,0,0,0,0,0,0,0,0,0,0,0,0,28,0,0,0,0,0,0,0,0,0,0,0,0,0,0,22,0,0,0,0,0,0,0,0,0,0,0,0,0,0,0,0,0,0,0,0,0,58,61,0,0,0,0,0,0,0,0,0,0,0,0,0,0,0,0,0,0,0,0,51,52,54,0,0,0,0,0,0,0,0,0,0,0,0,0,0,0,0,0,0,0,0,0,0,50,46,46,46,0,0,0,0,0,0,0,0,0,0,0,0,0,0,0,0,0,0,0,0,0,0,0,0,0,41,0,0,0,0,0,0,0,0,0,0,0,0,0,0,0,0,0,0,0,0,0,38,38,38,38,38,38,38,38,0,0,0,0,0,0,0,0,37,0,0,0,0,0,0,0,0,0,0,0,0,0,0,0,0,0,0,0,0,0,0,0,0,0,0,0,0,0,0,0,0,0,0,0,0,0,0,0,0,0,0,0,50,50,50,50,50,50,49,49,49,49,0,0,0,0,0,50,0,0,0,0,0,0,0,0,0,0,0,0,0,0,0,0,0,0,0,0,0,0,0,0,0,0,0,16,18,0,0,0,0,0,34,14,14,14,14,14,14,14,28,14,13,13,13,13,12,12,12,12,12,12,12,12,12,20,28,36,12,12,12,12,12,12,12,12,0,0,0,0,0,0,12,12,12,11,11,11,11,11,12,12,12,0,0,0,0,0,11,10,10,10,10,10,11,11,11,32,10,10,10,10,10,11,11,18,24,31,35,39,10,10,10,10,19,28,9,10,29,0,0,0,13,30,47,63,13,25,37,24,46,25,25,25,23,23,30,38,46,23,57,11,23,22,22,22,22,23,33,11,17,23,11,11,16,22,27,32,11,11,11,14,17,21,21,21,34,10,10,11,11,12,15,14,11,67,46,24,24,55,11,21,23,72,20,20,29,29,32,20,20,20,45,71,22,42,21,26,31,31,33,22,22,11,36,22,66,11,11,11,55,22,21,21,43,32,32,32,22,56,42,33,22,33,55,14,22,32,33,54,11,67,12,51,31,20,50,43,53,50,68,69,30,10,87,47,64,20,57,29,56,28,19,78,61,100,10,48,19,78,39,21,48,46,56,38,42,59,19,79,48,19,62,29,91,21,44,67,23,55,31,31,30,36,43,49,21,47,66,20,59,26,52,20,68,20,33,33,51,38,14,60,27,20,47,26,28,40,83,7,45,67,49,27,19,34,45,25,100,42,25,32,10,24,17,5,26,7,13,22,29,10,25,29,26,14,9,18,19,8,34,24,16,26,6,22,16,2,27,1,12,28,17,8,26,24,21,10,8,21,10,9,30,13,12,27,4,21,15,3,25,-3,16,29,11,9,25,21,18,6,11,25,3,11,30,6,12,30,6,19,10,5,23,-3,22,29,7,11,23,18,17,1,14,27,-2,15,29,4,15,30,8,19,5,7,23,-2,25,27,5,16,23,18
SC,0,0,0,0,0,0,0,0,0,0,0,0,0,0,0,0,0,0,0,0,0,0,0,0,0,0,0,0,0,0,0,0,0,0,0,0,0,0,0,0,0,0,0,0,0,0,0,0,0,0,0,0,0,0,0,0,0,0,0,0,0,0,0,0,0,0,0,0,0,0,0,0,0,0,0,0,0,0,0,0,0,0,100,0,0,0,0,0,0,0,0,0,0,0,0,0,0,0,0,0,0,0,0,0,0,0,0,0,0,0,0,0,0,0,0,0,0,0,0,0,0,0,0,0,0,0,0,0,0,0,0,0,0,0,0,0,0,0,0,0,0,0,0,0,0,0,0,0,0,0,0,46,0,0,0,0,0,0,0,0,0,0,76,0,0,0,0,0,0,0,0,0,0,0,0,0,0,0,0,0,0,0,0,0,0,0,0,0,0,0,55,0,0,0,0,0,0,0,0,0,0,0,0,0,0,0,0,0,0,0,0,0,0,0,0,0,0,0,0,0,0,0,51,50,52,54,0,0,0,0,0,0,0,0,0,0,0,0,0,0,0,0,0,0,0,0,0,0,0,0,0,0,0,0,0,0,0,0,0,0,0,53,48,48,48,0,0,0,0,0,0,0,0,0,0,0,0,0,0,0,0,0,0,0,0,0,0,0,44,0,0,0,0,0,0,0,0,0,0,0,0,0,0,0,0,0,0,0,0,0,48,0,0,0,0,0,0,0,0,0,0,0,0,0,0,54,0,0,0,0,0,0,52,51,0,0,0,0,0,0,0,0,0,0,0,0,0,52,0,0,0,0,0,0,0,0,0,0,0,0,0,0,0,0,64,0,0,0,0,0,0,0,0,0,0,16,16,16,16,16,16,16,16,15,15,15,15,0,0,0,0,0,0,0,0,0,14,27,13,13,13,13,13,13,0,0,0,0,0,13,13,38,13,13,23,33,14,14,14,0,0,0,0,0,0,0,0,13,25,38,13,13,37,12,12,12,18,24,12,13,24,36,48,59,12,12,12,12,12,11,11,34,11,11,11,12,11,11,11,11,11,11,12,11,11,11,13,14,16,0,0,17,32,39,45,51,31,15,15,14,14,16,15,29,29,29,15,15,29,14,15,28,42,14,14,28,29,30,30,44,14,14,14,14,14,18,22,27,27,27,27,13,28,27,29,40,13,13,14,17,20,22,25,27,27,41,13,13,13,13,42,13,13,38,12,12,40,26,13,13,13,13,55,14,14,29,26,27,69,43,43,43,43,39,26,26,13,39,39,12,13,13,19,26,39,26,40,40,13,53,14,14,72,18,41,13,39,13,25,26,54,24,12,72,83,13,51,24,36,100,13,12,36,71,71,27,37,25,59,23,23,23,48,12,24,58,46,34,34,24,34,22,32,23,35,33,56,70,12,69,32,34,25,52,66,66,34,55,34,42,48,67,41,40,10,100,20,30,39,30,49,21,20,30,59,10,33,19,83,51,50,38,49,68,52,41,67,50,28,39,46,69,37,46,47,44,59,74,64,37,18,18,18,16,19,18,18,13,18,13,11,13,15,18,11,13,14,14,19,19,19,18,16,16,16,15,18,19,16,13,18,16,14,16,16,17,13,15,15,15,18,18,16,17,16,16,16,15,18,18,16,14,18,16,16,17,16,17,15,16,16,16,18,18,16,16,16,16,16,16,18,17,16,15,18,16,16,18,16,16,15,16,16,16,18,18,16,16,16,16,16,16,18,16,16,15,18,16,16,18
RJ,0,0,0,0,0,0,0,0,0,0,0,0,0,0,0,0,0,0,0,0,0,0,0,0,0,0,0,0,0,0,0,0,0,0,0,0,0,0,0,0,0,0,0,0,0,0,0,0,0,0,0,0,0,0,0,0,0,0,0,0,0,0,0,0,0,0,0,0,0,0,0,0,0,0,0,0,0,0,0,0,0,0,0,0,0,0,0,0,0,0,0,0,0,0,0,0,0,0,0,0,0,0,0,0,0,0,0,0,0,0,0,0,0,0,0,0,0,0,0,0,0,0,0,0,0,0,0,0,0,0,0,0,0,0,0,0,0,0,0,0,0,0,0,0,0,0,0,0,0,0,0,0,0,0,0,0,0,0,0,0,0,0,0,0,0,0,0,0,0,0,0,0,0,0,0,0,0,0,0,0,0,0,0,0,0,0,0,0,0,0,0,0,0,0,0,0,0,0,0,0,0,0,0,0,0,0,0,0,0,0,0,0,0,0,0,0,0,0,0,0,0,0,0,0,0,0,0,0,0,0,0,0,0,0,0,0,0,0,0,0,0,0,0,0,0,0,0,0,0,0,0,0,0,0,0,0,0,0,0,0,0,0,0,0,0,0,0,0,0,0,0,31,0,0,0,0,0,0,0,0,0,0,0,0,0,0,0,0,0,0,0,0,0,0,0,0,0,0,0,0,0,0,0,0,0,0,0,0,0,0,0,0,0,0,0,0,0,0,0,0,0,0,0,0,0,0,0,0,0,0,0,0,0,0,0,0,0,0,0,0,0,0,0,0,0,0,0,0,0,0,0,0,0,0,0,0,0,0,0,0,0,0,0,0,0,0,0,0,0,0,0,0,0,0,0,0,7,9,11,13,15,13,13,13,0,0,0,0,0,0,0,0,0,6,6,5,5,5,5,6,6,6,6,6,6,6,0,0,0,0,0,0,0,0,0,0,0,5,0,0,0,0,0,0,0,5,5,5,5,5,11,5,5,5,5,5,5,0,0,0,0,0,0,0,0,0,0,0,0,0,0,0,0,5,0,0,0,0,0,4,4,4,4,4,0,0,0,0,0,0,0,0,5,5,5,0,0,0,0,0,0,0,0,0,22,0,0,0,0,0,0,0,0,0,0,0,6,0,0,0,0,0,0,0,0,0,5,5,5,5,6,6,0,0,0,0,0,0,0,0,0,0,0,5,5,5,6,6,5,5,5,5,5,5,5,10,13,15,5,5,5,5,5,5,5,5,5,5,5,5,5,10,14,19,10,9,9,5,5,5,5,5,5,5,5,4,4,5,4,4,4,6,7,8,9,8,8,8,4,4,4,4,4,4,4,5,7,9,9,9,5,7,9,13,0,0,0,0,0,14,5,5,5,5,5,5,5,5,5,5,5,5,5,5,10,5,5,5,4,7,10,13,14,6,6,12,8,4,4,4,4,14,8,4,4,11,19,8,8,8,16,8,8,8,4,4,4,4,8,8,4,4,8,4,4,6,7,7,7,4,4,4,4,7,10,11,11,4,4,4,1,3,1,1,9,-1,0,21,-1,-1,23,-1,-1,21,-1,0,24,0,-1,18,-1,-1,18,-1,-1,18,0,-1,13,2,-1,2,25,-2,-1,26,-2,-1,26,-2,-1,26,-2,-1,26,-2,-1,25,-2,-1,24,-2,-1,19,1,-1,7,10,-1,-2,26,-2,-1,26,-2,-1,26,-2,-1,26,-2,-1,26,-2,-1,25,-2,-1,23,0,-1,11,5,-1,-1,26,-2,-1,26,-2,-1,26,-2,-1,26,-2,-1,26,-2,-1
AC,0,0,0,0,0,0,0,0,0,0,0,0,0,0,0,0,0,0,0,0,0,0,0,0,0,0,0,0,0,0,0,0,0,0,0,0,0,40,0,0,0,0,0,0,0,0,0,0,0,0,0,0,0,0,0,0,0,0,0,0,0,0,0,0,0,0,0,0,0,0,0,0,0,0,0,0,0,0,0,0,0,0,0,0,0,0,0,0,0,0,0,0,0,0,0,0,0,0,0,0,0,0,0,0,0,0,0,0,0,0,0,0,0,0,0,0,0,0,0,0,0,0,0,0,0,0,0,0,0,0,0,0,0,0,0,0,0,0,0,0,0,0,0,0,0,0,0,0,0,0,0,0,0,0,0,0,0,0,0,0,0,0,0,0,0,0,0,0,0,0,0,0,0,0,0,0,0,0,0,0,0,0,0,0,0,0,0,0,0,0,0,0,0,0,0,0,0,0,0,0,0,0,0,0,0,0,0,0,0,0,0,0,0,0,0,0,0,0,0,0,0,0,0,0,0,0,0,0,0,0,0,0,0,0,0,0,0,0,0,0,0,0,0,0,0,0,0,0,0,0,0,0,0,0,0,0,0,0,0,0,0,0,37,33,33,33,33,0,0,0,0,0,0,0,0,0,0,0,0,0,0,0,0,0,0,0,0,0,0,0,0,0,0,0,0,0,0,0,0,0,0,0,0,0,0,0,0,0,0,0,0,0,0,0,0,0,0,0,0,0,0,0,0,0,0,0,0,0,0,0,0,0,86,88,89,91,0,0,0,0,0,0,0,0,0,0,0,0,0,0,0,0,0,0,0,0,0,0,0,0,0,0,94,0,0,0,0,0,0,28,0,0,0,0,0,0,0,0,0,0,29,25,25,0,0,0,0,0,0,0,0,25,28,27,21,21,0,0,0,0,0,0,21,0,0,0,0,0,0,0,0,0,0,22,20,0,0,0,0,0,0,18,20,22,23,41,21,21,20,20,20,20,19,18,18,16,16,15,13,12,12,12,12,12,14,12,12,12,22,21,10,14,14,25,38,8,8,9,8,8,9,16,8,12,16,16,8,17,9,13,51,25,16,49,35,27,82,48,32,15,28,32,31,30,30,15,32,19,20,21,28,47,20,34,24,37,50,63,49,49,48,32,32,29,23,23,65,42,67,24,24,32,15,46,15,22,31,23,31,33,29,19,41,50,16,65,43,64,54,39,33,61,45,49,51,30,47,31,33,31,22,22,24,66,59,32,41,27,43,31,32,46,51,56,61,59,31,31,29,88,29,59,30,30,30,29,58,29,29,44,31,32,93,35,60,84,28,28,70,27,26,26,50,75,99,27,26,38,51,26,26,26,25,24,51,66,51,51,25,94,25,100,50,25,37,25,24,24,36,49,23,29,36,42,48,34,24,20,56,57,35,45,79,51,96,46,48,55,31,69,14,33,29,21,33,79,43,29,63,29,38,24,41,25,17,24,17,30,40,24,100,65,34,42,34,66,33,43,43,51,33,64,17,26,33,16,41,30,31,29,28,21,42,40,27,31,30,42,27,33,36,38,29,41,10,28,31,13,39,26,26,28,27,21,38,34,27,30,30,36,24,30,35,35,28,34,6,31,32,13,37,26,23,28,26,23,37,30,28,31,30,32,23,30,34,30,27,28,6,35,31,13,37,26,20,28,28,26,35,29,29,30,31,29,23,35,34,26,27,25,8,40,29,12,37,27,20,28,30,28,34,28,29,30,31,28,23,38,33,22
AM,0,0,0,0,0,0,0,0,0,0,0,0,0,0,0,0,0,0,0,0,0,0,0,0,0,0,0,0,0,0,0,0,0,0,0,0,0,40,0,0,0,0,0,0,0,0,0,0,0,0,0,0,0,0,0,0,0,0,0,0,0,0,0,0,0,0,0,0,0,0,0,0,0,0,0,0,0,0,0,0,0,0,0,0,0,0,0,0,0,0,0,0,0,0,0,0,0,0,0,0,0,0,0,0,0,0,0,0,0,0,0,0,0,0,0,0,0,0,0,0,0,0,0,0,0,0,0,0,0,0,0,0,0,0,0,0,0,0,0,0,0,0,0,0,0,0,0,0,0,0,0,0,0,0,0,0,0,0,0,0,0,0,0,0,0,0,0,0,0,0,0,0,0,0,0,0,0,0,0,0,0,0,0,0,0,0,0,0,0,0,0,0,0,0,0,0,0,0,0,0,0,0,0,0,0,0,0,0,0,0,0,0,0,0,0,0,0,0,0,0,0,0,0,0,0,0,0,0,0,0,0,0,0,0,0,0,0,0,0,0,0,0,0,0,0,0,0,0,0,0,0,0,0,0,0,0,0,0,0,0,0,0,37,33,33,33,33,0,0,0,0,0,0,0,0,0,0,0,0,0,0,0,0,0,0,0,0,0,0,0,0,0,0,0,0,0,0,0,0,0,0,0,0,0,0,0,0,0,0,0,0,0,0,0,0,0,0,0,0,0,0,0,0,0,0,0,0,0,0,0,0,0,86,88,89,91,0,0,0,0,0,0,0,0,0,0,0,0,0,0,0,0,0,0,0,0,0,0,0,0,0,0,94,0,0,0,0,0,0,28,0,0,0,0,0,0,0,0,0,0,29,25,25,0,0,0,0,0,0,0,0,25,28,27,21,21,0,0,0,0,0,0,21,0,0,0,0,0,0,0,0,0,0,22,20,0,0,0,0,0,0,18,20,22,23,41,21,21,20,20,20,20,19,18,18,16,16,15,13,12,12,12,12,12,14,12,12,12,22,21,10,14,14,25,38,8,8,9,8,8,9,16,8,12,16,16,8,17,9,13,51,25,16,49,35,27,82,48,32,15,28,32,31,30,30,15,32,19,20,21,28,47,20,34,24,37,50,63,49,49,48,32,32,29,23,23,65,42,67,24,24,32,15,46,15,22,31,23,31,33,29,19,41,50,16,65,43,64,54,39,33,61,45,49,51,30,47,31,33,31,22,22,24,66,59,32,41,27,43,31,32,46,51,56,61,59,31,31,29,88,29,59,30,30,30,29,58,29,29,44,31,32,93,35,60,84,28,28,70,27,26,26,50,75,99,27,26,38,51,26,26,26,25,24,51,66,51,51,25,94,25,100,50,25,37,25,24,24,36,49,23,29,36,42,48,34,24,20,56,57,35,45,79,51,96,46,48,55,31,69,14,33,29,21,33,79,43,29,63,29,38,24,41,25,17,24,17,30,40,24,100,65,34,42,34,66,33,43,43,51,33,64,17,26,33,16,41,30,31,29,17,19,33,33,18,29,22,33,19,26,26,30,24,33,17,21,29,17,31,25,23,22,16,21,26,27,17,24,21,30,16,22,25,25,21,28,18,21,27,18,28,23,21,20,16,23,21,25,17,23,21,29,16,21,23,23,20,24,18,21,26,20,21,23,21,20,17,25,18,24,17,23,20,27,17,20,23,23,19,22,19,22,24,21,18,24,21,21,19,24,18,23,18,23,20,24,19,20,22,23
AP,0,0,0,0,0,0,0,0,0,0,0,0,0,0,0,0,0,0,0,0,0,0,0,0,0,0,0,0,0,0,0,0,0,0,0,0,0,0,0,0,0,0,0,0,0,0,0,0,0,0,0,0,0,0,0,0,0,0,0,0,0,0,0,0,0,0,0,0,0,0,0,0,0,0,0,0,0,0,0,0,0,0,0,0,0,0,0,0,0,0,0,0,0,0,0,0,0,0,0,0,0,0,0,0,0,0,0,0,0,0,0,0,0,0,0,0,0,0,0,0,0,0,0,0,0,0,0,0,0,0,0,0,0,0,0,0,0,0,0,0,0,0,0,0,0,0,0,0,0,0,0,0,0,0,0,0,0,0,0,0,0,0,0,0,0,0,0,0,0,0,0,0,0,0,0,0,0,0,0,0,0,0,0,0,0,0,0,0,0,0,0,0,0,0,0,0,0,0,0,0,0,0,0,0,0,0,0,0,0,0,0,0,83,0,0,0,0,0,0,0,0,0,0,0,0,0,0,0,0,0,0,0,0,0,0,0,0,0,0,0,0,0,0,0,0,0,0,0,0,0,0,0,0,0,0,0,0,0,0,0,0,0,0,0,0,0,0,0,0,0,0,0,0,0,0,0,0,0,0,0,0,0,0,0,0,0,0,0,0,0,0,0,0,0,0,0,0,0,0,59,0,0,0,0,0,0,0,0,0,0,0,0,0,0,0,0,0,0,0,0,0,0,0,0,0,0,0,0,0,0,0,0,0,0,0,0,0,0,0,0,0,0,0,0,0,0,0,0,0,0,0,0,0,0,0,0,0,0,0,0,0,0,0,0,0,0,0,0,0,0,0,0,0,0,0,0,0,0,0,0,0,0,15,0,0,0,0,0,0,0,0,18,18,16,16,16,16,13,13,13,14,0,0,0,0,0,0,31,14,14,14,14,0,0,0,0,0,17,17,13,12,0,0,0,0,0,0,0,14,15,16,32,12,15,10,10,14,9,9,12,22,15,15,15,15,32,16,16,16,16,15,15,13,13,13,14,28,15,15,14,29,0,0,0,0,0,14,0,0,0,34,35,36,37,38,39,30,30,30,30,30,0,0,0,0,0,0,0,30,30,30,43,29,29,59,30,30,29,29,29,29,0,0,0,0,0,0,27,28,28,28,28,28,27,26,26,26,27,0,0,0,0,0,27,26,26,27,26,0,0,0,0,0,0,0,26,25,25,25,25,50,25,26,26,27,32,37,41,26,26,26,31,36,41,46,51,26,26,26,26,26,25,25,25,25,26,26,53,50,38,33,33,33,26,26,25,51,25,38,52,50,50,25,50,49,26,28,32,37,50,63,25,25,24,24,50,25,25,46,63,44,23,23,22,21,21,21,21,32,22,41,41,40,21,31,41,20,21,30,39,28,22,22,22,38,26,43,57,79,100,57,31,52,52,38,26,53,59,65,27,40,40,13,13,50,77,27,48,39,77,77,62,52,52,40,40,50,62,78,50,60,27,25,25,50,48,51,36,47,71,10,18,20,17,17,19,15,18,19,19,21,18,19,16,12,16,22,19,15,17,18,19,7,14,18,13,13,14,12,13,17,17,14,14,15,14,11,14,20,14,11,15,16,14,6,15,16,12,13,14,9,13,17,14,11,13,15,13,10,14,19,12,10,16,15,12,6,19,14,10,15,14,7,15,17,12,9,13,15,12,9,18,15,11,10,18,13,11,7,20,11,10,18,13,6,17,14,11,7,17
RO,0,0,0,0,0,0,0,0,0,0,0,0,0,0,0,0,0,0,0,0,0,0,0,0,0,0,0,0,0,0,0,0,0,0,0,0,0,40,0,0,0,0,0,0,0,0,0,0,0,0,0,0,0,0,0,0,0,0,0,0,0,0,0,0,0,0,0,0,0,0,0,0,0,0,0,0,0,0,0,0,0,0,0,0,0,0,0,0,0,0,0,0,0,0,0,0,0,0,0,0,0,0,0,0,0,0,0,0,0,0,0,0,0,0,0,0,0,0,0,0,0,0,0,0,0,0,0,0,0,0,0,0,0,0,0,0,0,0,0,0,0,0,0,0,0,0,0,0,0,0,0,0,0,0,0,0,0,0,0,0,0,0,0,100,0,0,0,0,0,0,0,0,0,0,0,0,0,0,0,0,0,0,0,0,0,0,0,0,0,0,0,0,0,0,0,0,0,0,0,0,0,0,0,0,0,0,0,0,0,0,0,0,0,0,0,0,0,0,0,0,0,0,0,0,0,0,0,0,0,0,0,0,0,0,0,0,0,0,0,0,0,0,0,0,0,0,0,0,0,0,0,0,0,0,0,0,0,0,0,0,0,0,0,0,0,0,0,0,0,0,0,0,0,0,0,0,0,0,0,0,0,0,0,0,0,0,0,0,0,0,0,0,0,0,0,0,0,0,0,0,0,0,0,0,0,0,0,0,0,0,0,0,0,0,0,0,0,0,0,0,0,0,0,0,0,0,0,0,0,0,0,0,0,0,0,0,0,0,0,0,0,0,0,0,0,0,0,0,0,0,0,0,0,100,46,46,0,0,0,0,0,0,0,0,0,0,0,0,0,0,0,0,0,0,0,0,0,0,0,0,0,0,0,0,0,13,12,12,0,0,0,0,0,0,15,12,12,12,12,11,11,11,11,0,0,0,0,0,0,0,0,0,0,13,0,0,0,0,0,0,0,0,0,0,13,0,0,0,0,0,0,18,0,0,0,0,0,0,0,0,0,14,0,0,0,0,0,0,0,0,0,0,13,0,0,0,0,0,0,0,0,0,0,0,0,0,10,0,0,0,38,0,0,0,0,0,35,34,34,67,100,63,63,63,63,63,0,0,0,0,0,0,29,0,0,0,0,0,38,37,37,36,37,37,38,35,35,35,36,36,36,34,34,34,34,34,34,35,38,41,44,36,36,36,34,34,32,32,32,32,34,31,31,31,31,31,31,31,30,30,30,39,47,56,65,64,64,64,64,63,32,60,66,31,31,31,32,32,31,31,31,61,32,31,31,31,31,32,31,31,34,37,40,34,34,32,32,32,31,31,50,55,60,30,30,30,31,30,31,31,28,28,28,28,59,31,26,26,26,26,28,28,28,28,27,27,27,82,54,56,27,40,26,27,34,41,29,30,29,28,28,29,30,31,37,0,65,31,31,31,31,31,28,27,52,53,52,25,25,76,38,26,52,25,51,75,80,23,25,38,100,25,26,52,26,26,25,78,64,64,24,26,99,25,25,49,76,24,73,48,9,25,31,13,20,31,11,23,18,29,29,28,20,23,31,19,24,32,33,22,32,28,9,26,30,12,24,32,10,26,21,27,30,26,21,24,30,17,25,32,28,21,29,27,10,29,30,11,28,31,11,28,23,26,30,26,20,24,31,14,26,32,26,19,28,28,11,30,29,11,32,30,11,29,23,25,31,26,18,25,32,11,27,32,25,15,28,29,11,31,28,11,32,29,11,30,23,24,31,26
RR,0,0,0,0,0,0,0,0,0,0,0,0,0,0,0,0,0,0,0,0,0,0,0,0,0,0,0,0,0,0,0,0,0,0,0,0,0,40,0,0,0,0,0,0,0,0,0,0,0,0,0,0,0,0,0,0,0,0,0,0,0,0,0,0,0,0,0,0,0,0,0,0,0,0,0,0,0,0,0,0,0,0,0,0,0,0,0,0,0,0,0,0,0,0,0,0,0,0,0,0,0,0,0,0,0,0,0,0,0,0,0,0,0,0,0,0,0,0,0,0,0,0,0,0,0,0,0,0,0,0,0,0,0,0,0,0,0,0,0,0,0,0,0,0,0,0,0,0,0,0,0,0,0,0,0,0,0,0,0,0,0,0,0,0,0,0,0,0,0,0,0,0,0,0,0,0,0,0,0,0,0,0,0,0,0,0,0,0,0,0,0,0,0,0,0,0,0,0,0,0,0,0,0,0,0,0,0,0,0,0,0,0,0,0,0,0,0,0,0,0,0,0,0,0,0,0,0,0,0,0,0,0,0,0,0,0,0,0,0,0,0,0,0,0,0,0,0,0,0,0,0,0,0,0,0,0,0,0,0,0,0,0,37,33,33,33,33,0,0,0,0,0,0,0,0,0,0,0,0,0,0,0,0,0,0,0,0,0,0,0,0,0,0,0,0,0,0,0,0,0,0,0,0,0,0,0,0,0,0,0,0,0,0,0,0,0,0,0,0,0,0,0,0,0,0,0,0,0,0,0,0,0,86,88,89,91,0,0,0,0,0,0,0,0,0,0,0,0,0,0,0,0,0,0,0,0,0,0,0,0,0,0,94,0,0,0,0,0,0,28,0,0,0,0,0,0,0,0,0,0,29,25,25,0,0,0,0,0,0,0,0,25,28,27,21,21,0,0,0,0,0,0,21,0,0,0,0,0,0,0,0,0,0,22,20,0,0,0,0,0,0,18,20,22,23,41,21,21,20,20,20,20,19,18,18,16,16,15,13,12,12,12,12,12,14,12,12,12,22,21,10,14,14,25,38,8,8,9,8,8,9,16,8,12,16,16,8,17,9,13,51,25,16,49,35,27,82,48,32,15,28,32,31,30,30,15,32,19,20,21,28,47,20,34,24,37,50,63,49,49,48,32,32,29,23,23,65,42,67,24,24,32,15,46,15,22,31,23,31,33,29,19,41,50,16,65,43,64,54,39,33,61,45,49,51,30,47,31,33,31,22,22,24,66,59,32,41,27,43,31,32,46,51,56,61,59,31,31,29,88,29,59,30,30,30,29,58,29,29,44,31,32,93,35,60,84,28,28,70,27,26,26,50,75,99,27,26,38,51,26,26,26,25,24,51,66,51,51,25,94,25,100,50,25,37,25,24,24,36,49,23,29,36,42,48,34,24,20,56,57,35,45,79,51,96,46,48,55,31,69,14,33,29,21,33,79,43,29,63,29,38,24,41,25,17,24,17,30,40,24,100,65,34,42,34,66,33,43,43,51,33,64,17,26,33,16,41,30,31,29,21,13,40,40,19,26,24,40,24,29,33,33,24,40,14,22,32,13,37,29,25,20,20,14,39,36,12,22,22,34,20,25,31,28,20,32,15,21,32,11,37,30,21,16,24,14,40,35,8,20,23,32,16,22,31,27,16,32,16,20,31,10,37,31,17,14,29,12,38,35,5,20,24,32,14,21,31,27,14,32,15,19,32,8,38,31,13,12,31,12,35,36,4,20,26,32,13,21,28,27
TO,0,0,0,0,0,0,0,0,0,0,0,0,0,0,0,0,0,0,0,0,0,0,0,0,0,0,0,0,0,0,0,0,0,0,0,0,0,40,0,0,0,0,0,0,0,0,0,0,0,0,0,0,0,0,0,0,0,0,0,0,0,0,0,0,0,0,0,0,0,0,0,0,0,0,0,0,0,0,0,0,0,0,0,0,0,0,0,0,0,0,0,0,0,0,0,0,0,0,0,0,0,0,0,0,0,0,0,0,0,0,0,0,0,0,0,0,0,0,0,0,0,0,0,0,0,0,0,0,0,0,0,0,0,0,0,0,0,0,0,0,0,0,0,0,0,0,0,0,0,0,0,0,0,0,0,0,0,0,0,0,0,0,0,0,0,0,0,0,0,0,0,0,0,0,0,0,0,0,0,0,0,0,0,0,0,0,0,0,0,0,0,0,0,0,0,0,0,0,0,0,0,0,0,0,0,0,0,0,0,0,0,0,0,0,0,0,0,0,0,0,0,0,0,0,0,0,0,0,0,0,0,0,0,0,0,0,0,0,0,0,0,0,0,0,0,0,0,0,0,0,0,0,0,0,0,0,0,0,0,0,0,0,37,33,33,33,33,0,0,0,0,0,0,0,0,0,0,0,0,0,0,0,0,0,0,0,0,0,0,0,0,0,0,0,0,0,0,0,0,0,0,0,0,0,0,0,0,0,0,0,0,0,0,0,0,0,0,0,0,0,0,0,0,0,0,0,0,0,0,0,0,0,0,0,0,0,0,0,0,0,0,0,0,0,0,0,0,0,0,0,0,0,0,0,0,0,0,0,0,0,0,0,0,0,0,0,0,0,0,0,0,100,0,0,0,0,0,0,0,0,0,0,0,0,0,0,0,0,0,0,0,0,0,0,0,0,0,0,0,0,0,0,0,0,0,0,0,0,0,0,0,0,0,0,0,0,0,0,0,0,0,0,0,0,0,0,70,0,0,0,0,0,68,65,65,65,0,0,0,0,0,0,31,0,0,0,0,0,0,0,0,0,0,0,64,61,61,61,61,0,0,0,0,0,0,0,0,0,0,0,0,0,0,0,0,0,0,50,47,47,47,0,0,0,0,0,50,50,50,51,51,47,0,0,0,0,0,0,0,0,0,46,0,0,0,0,0,0,0,0,0,0,0,0,0,0,0,0,0,0,67,0,0,0,0,0,0,0,0,0,0,0,41,41,41,42,43,44,44,42,42,0,0,0,0,0,0,0,0,100,42,42,42,42,42,42,43,44,44,44,44,44,44,42,41,41,41,41,41,42,43,49,54,60,43,43,43,43,43,88,41,41,41,41,41,43,46,42,42,42,42,41,84,0,0,0,0,0,0,39,53,66,71,76,81,39,38,38,38,37,37,75,37,35,35,35,36,36,36,34,34,35,39,43,47,51,40,39,76,74,36,41,36,34,33,33,33,38,33,33,34,36,33,34,34,35,36,48,66,34,50,34,36,39,38,36,33,33,66,48,32,32,33,33,63,100,34,31,32,33,44,28,37,29,30,31,33,24,34,30,44,34,23,25,32,34,43,44,29,33,36,33,39,31,33,33,32,30,35,25,34,34,38,30,19,29,36,36,35,39,30,34,36,33,36,34,33,34,35,30,35,29,34,35,35,25,16,33,38,36,32,36,33,34,35,33,35,35,32,34,36,31,34,33,34,34,32,22,17,37,38,34,30,36,34,34,34,33,35,35,32,34,36,33,34,34,34,33,32,20
AL,0,0,0,0,0,0,0,0,0,0,0,0,0,0,0,0,0,0,0,0,0,0,0,0,0,0,0,0,0,0,0,0,0,0,0,0,0,0,0,0,0,0,0,0,0,0,0,0,0,0,0,0,0,0,0,0,0,0,0,0,0,0,0,0,0,0,0,0,0,0,0,0,0,0,0,0,0,0,0,0,0,0,0,0,0,0,0,0,0,0,0,0,0,0,0,0,0,0,0,0,0,0,0,0,0,0,0,0,0,0,0,0,0,0,0,0,0,0,0,0,0,0,0,0,0,0,0,0,0,0,0,0,0,0,0,0,0,0,0,0,0,0,0,0,0,0,0,0,0,0,0,0,0,0,0,0,0,0,0,0,0,0,0,0,39,0,0,0,0,0,0,0,36,0,0,0,0,0,0,0,0,0,0,0,0,0,0,0,30,0,0,0,0,0,0,0,0,0,0,0,0,0,0,0,0,0,0,0,0,0,0,0,0,0,0,0,0,0,0,0,32,0,0,0,0,0,34,0,0,0,0,0,0,0,0,0,0,0,100,0,0,0,0,0,0,50,0,0,0,0,0,0,0,0,0,0,0,0,0,0,0,0,0,0,0,0,0,0,0,0,0,0,0,0,53,0,0,0,0,0,0,0,0,0,0,0,57,0,0,0,0,0,44,43,43,44,45,0,0,0,0,0,0,0,0,0,0,45,0,0,0,0,0,0,0,0,0,0,0,0,0,0,0,0,0,0,0,0,0,0,0,0,0,0,0,0,0,0,0,0,0,0,0,0,0,0,0,0,0,0,0,0,0,0,0,0,0,0,0,0,0,0,0,0,0,0,0,0,0,0,2,0,0,0,0,0,2,0,0,0,0,0,0,0,0,0,2,0,0,0,0,0,0,0,0,0,0,0,0,0,0,0,0,2,2,2,2,2,0,0,0,0,0,0,2,0,0,0,0,0,0,0,0,0,2,2,2,2,2,3,3,3,2,0,0,0,0,0,0,0,0,2,2,1,1,1,1,1,1,1,1,1,1,1,1,1,1,1,1,1,2,2,1,1,0,0,0,0,0,0,0,67,32,32,33,32,32,30,30,0,0,0,0,0,30,30,30,40,49,59,44,44,44,29,29,29,28,28,28,28,27,27,28,29,28,28,28,27,26,27,28,27,28,27,27,27,26,28,28,28,28,28,28,28,27,27,27,27,27,81,25,25,25,25,25,25,25,25,24,24,24,24,26,40,28,28,27,27,27,77,25,24,27,26,25,25,25,50,39,26,51,26,52,26,26,26,26,53,26,39,53,40,45,30,51,50,62,51,26,39,29,50,32,24,24,26,76,25,57,25,25,33,50,70,33,36,38,25,24,53,44,44,43,32,43,42,28,53,20,54,31,31,29,21,21,20,33,41,27,40,38,32,28,32,24,35,67,67,54,54,27,45,53,51,36,37,37,39,70,85,73,62,49,50,97,36,49,68,97,61,63,24,49,24,24,35,45,36,35,71,69,61,24,36,94,47,24,100,79,77,-1,-3,44,-2,-1,39,-3,-2,45,-3,-5,45,2,2,15,3,18,3,-1,44,2,1,0,2,42,-4,-6,40,-3,-6,41,-4,-7,41,-4,-6,37,-4,-2,33,-4,1,27,-3,-6,34,0,-6,26,4,-6,16,14,-7,-4,41,-5,-5,39,-5,-5,39,-4,-5,39,-4,-6,40,-4,-6,40,-3,-7,37,-2,-7,31,1,-6,25,4,-7,20,10,-7,-3,41,-5,-4,40,-5,-5,40,-4,-6,39,-4,-6,40,-4
BA,0,0,0,0,0,0,0,0,0,0,0,0,0,0,0,0,0,0,0,0,0,0,0,0,0,0,0,0,0,0,0,0,0,0,0,0,0,0,0,0,0,0,0,0,0,0,0,0,0,0,0,0,0,0,0,0,0,0,0,0,0,0,0,0,0,0,0,0,0,0,0,0,0,0,0,0,0,0,0,0,0,0,0,0,0,0,0,0,0,0,0,15,0,0,0,0,0,0,0,0,0,0,0,0,0,0,0,0,0,0,0,0,0,0,0,0,0,0,0,0,0,0,0,0,0,0,0,0,0,0,0,0,0,0,0,0,0,0,0,0,8,0,0,0,0,0,0,0,0,0,0,0,0,0,0,0,0,0,0,0,45,0,0,0,0,0,39,37,37,37,37,37,37,37,32,0,0,0,0,0,0,0,0,0,38,39,37,36,36,0,0,0,0,0,0,0,0,32,33,34,33,0,0,0,0,0,0,0,0,0,0,0,0,41,0,0,0,0,0,0,0,0,0,0,0,32,0,0,0,0,0,0,0,0,0,41,41,41,36,36,36,36,37,37,37,37,37,37,38,0,0,0,0,0,0,0,0,0,0,0,0,0,0,0,0,0,0,0,0,0,0,0,0,0,0,30,31,0,0,0,0,0,0,33,32,32,32,32,0,0,0,0,0,62,0,0,0,0,0,0,0,0,0,33,0,0,0,0,0,0,0,0,0,54,50,50,50,50,50,50,50,51,51,0,0,0,0,0,51,50,50,50,50,52,54,55,56,0,0,0,0,0,51,52,52,52,53,53,53,49,49,49,49,49,49,45,45,45,45,45,47,49,52,54,45,19,18,16,16,17,16,16,16,17,15,15,15,15,15,15,15,15,15,20,14,14,29,15,15,18,14,27,34,32,13,12,12,12,12,24,25,12,12,12,11,18,24,20,18,12,26,13,13,26,21,21,47,14,25,12,11,11,11,37,14,11,22,45,11,17,13,11,16,11,20,11,11,26,28,12,18,12,12,56,16,27,38,11,27,16,18,21,33,21,14,10,17,24,24,20,40,20,10,19,23,10,10,16,25,16,42,84,35,27,29,24,13,38,18,66,29,32,35,46,34,45,29,17,38,32,22,27,44,41,25,28,32,58,10,32,16,31,26,32,38,26,20,20,31,21,51,41,21,10,32,35,24,30,15,20,37,24,25,26,62,35,15,10,26,16,58,29,72,71,14,39,10,56,15,55,20,39,30,38,41,67,39,51,75,40,45,29,43,75,30,35,39,20,44,38,29,14,44,34,48,48,63,29,52,83,60,26,61,50,87,57,75,56,48,25,95,61,52,52,23,50,95,55,60,90,61,51,60,54,55,57,81,69,22,65,54,49,87,75,65,73,57,76,77,81,84,45,97,65,42,43,94,54,81,73,54,100,78,55,60,71,51,50,94,69,69,84,61,54,78,83,68,52,100,88,56,73,81,57,98,52,63,45,72,68,45,62,74,57,89,73,68,81,56,69,72,62,78,80,41,59,95,68,82,80,8,10,8,19,17,9,18,17,14,18,15,18,20,15,18,18,13,17,19,18,19,20,4,6,5,17,9,7,14,10,9,13,12,12,13,9,11,13,9,13,12,13,11,12,4,6,7,17,6,8,13,9,7,12,12,9,9,8,10,10,8,12,11,9,9,11,4,6,9,16,6,8,13,8,6,13,11,6,7,9,10,6,8,13,9,6,10,11,4,6,10,15,6,8,13,6,6,16,9,6
CE,0,0,0,0,0,0,0,0,0,0,0,0,0,0,0,0,0,0,0,0,0,0,0,0,0,0,0,0,0,0,0,0,0,0,0,0,0,0,0,0,0,0,0,0,0,0,0,0,0,0,0,0,0,0,0,0,100,0,0,0,0,0,0,0,0,0,0,0,0,0,0,0,0,0,0,0,0,0,0,0,0,0,0,0,0,0,0,0,0,0,60,0,0,0,0,0,0,0,0,0,0,0,0,0,0,0,0,0,0,0,0,0,0,0,0,0,0,0,0,0,0,0,0,0,0,0,0,0,0,0,0,0,0,0,0,0,0,0,0,0,0,0,0,0,0,0,0,0,0,0,0,0,0,0,0,0,0,0,0,0,0,0,91,0,0,0,0,0,74,0,0,0,0,0,0,0,0,0,0,0,0,0,0,0,0,0,0,0,0,0,0,0,0,0,0,0,0,0,0,0,0,0,0,0,0,0,0,0,0,0,0,60,69,78,57,57,57,57,57,0,0,0,0,0,0,0,0,0,0,0,0,0,0,60,62,63,64,65,0,0,0,0,0,0,0,0,0,0,0,0,0,0,0,0,0,55,0,0,0,0,0,0,0,0,0,0,0,0,0,0,50,0,0,0,0,0,50,0,0,0,0,0,0,0,0,47,48,48,49,50,50,50,50,51,51,0,0,0,0,0,0,0,0,0,60,55,55,55,55,55,0,0,0,0,0,0,0,0,0,0,0,0,0,0,0,0,0,0,0,91,0,0,0,0,0,0,0,0,0,0,0,96,91,91,91,91,0,0,0,0,0,0,0,0,0,0,98,98,99,99,100,100,94,94,94,20,20,20,20,20,0,0,0,0,0,19,22,25,28,19,19,19,19,39,16,16,16,23,30,38,45,16,16,23,30,15,16,16,16,16,16,13,13,13,14,16,19,23,26,30,15,14,14,14,15,16,17,14,21,14,13,26,12,14,26,26,26,12,13,14,14,14,15,15,15,14,14,14,17,21,24,27,14,14,28,28,27,27,13,13,13,13,28,27,27,27,14,12,12,12,12,16,19,36,31,31,12,13,13,14,38,19,56,18,19,20,34,17,16,16,17,19,26,25,84,16,16,25,33,31,38,30,30,16,38,60,23,38,38,37,29,29,29,43,29,15,28,55,28,28,35,35,14,14,29,35,54,41,40,57,33,40,25,43,38,45,39,43,30,36,21,76,20,39,24,34,72,54,62,11,27,22,24,36,37,32,37,31,61,24,42,29,43,53,47,24,24,42,59,36,43,48,18,36,42,36,30,49,71,78,74,44,58,43,71,56,57,29,64,55,80,74,51,57,69,45,76,64,65,54,66,53,77,51,87,100,75,86,38,62,38,87,76,47,62,75,39,98,49,35,57,47,61,72,62,45,77,89,81,68,47,48,69,62,84,61,28,68,79,100,57,83,44,92,62,56,76,64,48,87,68,84,50,44,63,71,52,67,76,81,63,89,76,53,61,68,67,75,55,82,57,70,54,71,57,65,91,46,81,60,19,24,27,27,25,18,22,20,20,22,20,22,18,27,26,27,25,26,27,26,27,27,15,20,25,21,18,15,18,15,14,17,14,16,15,21,21,21,19,22,23,23,23,23,15,20,25,18,17,14,19,14,11,15,15,13,14,21,17,15,19,22,23,21,21,19,15,23,25,17,16,14,19,13,10,15,16,11,14,17,15,14,19,22,22,16,19,18,19,23,25,16,15,16,19,12,10,18,17,9
MA,0,0,0,0,0,0,0,0,0,0,0,0,0,0,0,0,0,0,0,0,0,0,0,0,0,0,0,0,0,0,0,0,0,0,0,0,0,0,0,0,0,0,0,0,0,0,0,0,0,0,0,0,0,0,0,0,0,0,0,0,0,0,0,0,0,0,0,0,0,0,0,0,0,0,0,0,0,0,0,0,0,0,0,0,0,0,0,0,0,0,0,0,0,0,0,0,0,0,0,0,0,0,0,0,0,0,0,0,0,0,0,0,0,0,0,0,0,0,0,0,0,0,0,0,0,0,0,0,0,0,0,0,0,0,0,0,0,0,0,0,0,0,0,0,0,0,0,0,0,0,0,0,0,0,0,0,0,0,0,0,0,0,0,0,0,0,0,0,0,0,0,0,0,0,0,0,0,0,0,0,0,0,0,0,0,0,0,0,0,0,0,0,0,0,22,0,0,0,0,0,0,0,0,0,0,0,0,0,0,0,0,0,0,0,0,0,0,0,0,0,0,0,0,0,0,0,0,23,0,0,0,0,0,0,0,0,0,0,0,0,0,0,0,0,0,0,0,0,0,0,0,0,0,0,0,0,0,0,22,0,0,0,0,0,0,0,0,0,0,0,0,0,0,0,0,0,0,0,0,0,0,0,0,0,0,0,0,0,0,0,0,0,0,0,0,0,0,0,0,0,0,0,0,0,0,0,0,0,0,0,0,0,0,0,0,0,0,0,0,0,0,0,0,0,0,0,0,0,0,0,0,0,0,0,0,0,0,0,0,0,0,0,0,0,0,0,0,0,0,0,0,0,0,0,0,0,0,0,0,0,0,0,0,0,0,0,0,0,0,0,0,0,0,0,0,16,16,16,16,16,0,0,0,0,0,0,0,16,16,0,0,0,0,0,0,0,0,15,17,20,23,26,28,0,0,0,0,0,0,0,14,0,0,0,0,0,0,0,0,0,0,0,0,0,17,20,23,27,26,26,26,26,13,13,13,13,13,13,0,0,0,0,0,13,26,38,13,13,13,12,12,12,12,12,12,0,0,0,0,0,0,11,12,12,12,12,12,12,14,14,0,26,26,26,29,32,51,25,24,0,0,0,0,0,46,22,22,22,22,22,24,22,22,22,22,23,23,23,23,23,21,21,21,22,23,22,22,21,21,21,21,21,21,22,22,20,20,22,23,25,27,20,20,20,20,40,32,21,41,32,20,20,58,19,39,58,22,40,40,20,19,19,21,20,56,91,33,33,20,20,20,20,20,20,20,31,33,35,38,40,40,30,20,20,20,20,20,20,39,40,42,42,26,20,20,39,39,48,20,21,36,20,58,58,40,22,31,40,30,42,41,21,51,75,48,20,100,17,17,15,23,64,16,16,38,61,15,30,30,33,15,52,14,21,28,35,44,15,41,28,26,40,51,23,37,63,28,47,38,28,56,64,26,26,66,60,52,65,81,34,51,60,41,33,58,48,34,46,32,41,33,33,100,17,51,34,57,41,40,55,45,35,31,48,40,69,41,38,30,58,9,14,19,13,25,8,22,16,22,19,19,23,21,13,14,21,17,22,20,21,18,21,7,13,19,11,17,9,17,15,17,17,14,18,16,12,15,17,13,17,15,18,14,16,9,13,19,9,15,12,15,15,15,17,13,17,16,11,16,16,11,16,14,16,13,14,12,13,18,8,15,16,13,15,16,16,13,17,16,10,16,16,9,16,15,15,14,13,15,13,17,8,15,18,12,15,17,14,13,17
PB,0,0,0,0,0,0,0,0,0,0,0,0,0,0,0,0,0,0,0,0,0,0,0,0,0,0,0,0,0,0,0,0,0,0,0,0,0,0,0,0,0,0,0,0,0,0,0,0,0,0,0,0,0,0,0,0,0,0,0,0,0,0,100,0,0,0,0,0,0,0,0,0,0,0,0,0,0,0,0,0,0,0,0,0,0,0,0,0,0,0,0,0,0,0,0,0,0,0,0,0,0,0,0,0,0,0,0,0,0,0,0,0,0,0,0,0,69,0,0,0,0,0,0,0,0,0,0,0,0,0,0,0,0,0,0,0,0,0,0,0,0,0,0,0,0,0,0,0,0,0,0,0,0,0,0,0,0,0,0,0,0,0,0,0,0,0,0,0,0,0,0,0,0,0,0,0,0,0,0,0,0,0,0,0,0,0,0,0,0,0,0,0,0,0,0,0,0,0,0,0,0,0,0,0,0,0,0,0,0,0,0,0,0,0,0,0,0,0,0,0,0,0,0,0,0,0,0,0,0,0,0,0,0,0,0,0,0,0,0,0,0,0,0,0,0,0,0,0,0,0,0,0,0,0,0,0,0,0,0,0,0,0,0,0,0,0,0,0,0,0,0,0,0,0,0,0,0,0,0,0,0,0,0,0,0,0,0,0,0,0,0,0,0,0,0,0,0,0,0,0,0,0,0,0,0,0,0,0,0,0,0,0,0,0,0,0,0,0,0,0,0,90,0,0,0,0,0,0,0,0,0,0,0,0,0,0,0,0,0,0,0,0,0,0,0,0,0,0,0,0,0,0,0,0,0,0,0,0,0,0,0,0,0,0,0,0,0,0,0,0,0,0,0,0,0,0,0,0,0,0,10,9,0,0,0,0,0,0,9,9,9,9,9,9,8,8,0,0,0,0,0,0,0,0,0,0,0,0,0,7,7,7,7,7,7,8,8,8,9,6,6,6,0,0,0,0,0,6,6,6,6,7,7,7,8,0,0,0,0,0,0,0,0,0,0,7,8,10,11,13,7,7,7,6,6,6,6,6,6,6,6,6,6,6,6,6,7,7,0,0,35,51,33,33,34,33,33,32,31,31,31,36,41,46,31,31,31,31,63,61,31,30,30,47,67,56,54,54,27,26,26,26,25,25,26,26,25,24,24,26,25,25,25,24,27,26,26,26,26,26,47,30,11,8,8,16,16,23,15,8,12,14,29,29,29,22,8,15,15,15,15,15,12,16,13,13,9,30,13,8,12,15,20,23,15,12,8,8,28,12,33,57,18,18,34,17,26,35,17,17,36,18,28,38,26,17,49,24,24,32,35,23,61,30,44,32,31,37,22,22,36,51,22,14,28,42,44,45,20,50,26,37,25,48,50,72,84,48,36,50,35,48,81,49,52,76,26,76,100,50,71,48,39,54,77,30,41,61,40,20,68,77,29,93,54,18,36,48,52,53,27,100,62,63,79,35,36,32,18,54,40,70,35,18,69,69,25,41,56,55,52,90,23,31,30,15,47,29,29,21,1,10,12,13,8,2,17,10,5,6,15,9,8,16,5,6,10,5,13,8,8,8,-1,8,8,7,5,1,12,6,5,4,9,6,4,9,4,3,8,4,7,5,4,7,-2,9,7,4,4,1,11,5,4,4,8,4,4,7,3,1,10,3,3,5,2,8,-3,11,6,2,4,2,10,4,4,5,7,2,5,4,2,0,16,2,0,8,-1,8,-3,12,5,1,3,5,7,4,4,4,6,0
