Date,cansaco,dor atras dos olhos,dor de cabeca,dor muscular,dor nas articulacoes
2004-01-04,0.0,0.0,0.0,0.0,0.0
2004-01-11,0.0,0.0,0.0,0.0,0.0
2004-01-18,0.0,0.0,0.0,0.0,0.0
2004-01-25,0.0,0.0,0.0,0.0,0.0
2004-02-01,0.0,0.0,0.0,0.0,0.0
2004-02-08,0.0,0.0,0.0,0.0,0.0
2004-02-15,0.0,0.0,0.0,0.0,0.0
2004-02-22,0.0,0.0,0.0,0.0,0.0
2004-02-29,0.0,0.0,0.0,0.0,0.0
2004-03-07,0.0,0.0,0.0,0.0,0.0
2004-03-14,0.0,0.0,0.0,0.0,0.0
2004-03-21,0.0,0.0,0.0,0.0,0.0
2004-03-28,0.0,0.0,0.0,0.0,0.0
2004-04-04,0.0,0.0,0.0,0.0,0.0
2004-04-11,0.0,0.0,0.0,0.0,0.0
2004-04-18,0.0,0.0,0.0,0.0,0.0
2004-04-25,0.0,0.0,0.0,0.0,0.0
2004-05-02,0.0,0.0,0.0,0.0,0.0
2004-05-09,0.0,0.0,0.0,0.0,0.0
2004-05-16,0.0,0.0,0.0,0.0,0.0
2004-05-23,0.0,0.0,0.0,0.0,0.0
2004-05-30,0.0,0.0,0.0,0.0,0.0
2004-06-06,0.0,0.0,0.0,0.0,0.0
2004-06-13,0.0,0.0,0.0,0.0,0.0
2004-06-20,0.0,0.0,0.0,0.0,0.0
2004-06-27,0.0,0.0,0.0,0.0,0.0
2004-07-04,0.0,0.0,0.0,0.0,0.0
2004-07-11,0.0,0.0,0.0,0.0,0.0
2004-07-18,0.0,0.0,0.0,0.0,0.0
2004-07-25,0.0,0.0,0.0,0.0,0.0
2004-08-01,0.0,0.0,0.0,0.0,0.0
2004-08-08,0.0,0.0,0.0,0.0,0.0
2004-08-15,0.0,0.0,0.0,0.0,0.0
2004-08-22,0.0,0.0,0.0,0.0,0.0
2004-08-29,0.0,0.0,0.0,0.0,0.0
2004-09-05,0.0,0.0,0.0,0.0,0.0
2004-09-12,0.0,0.0,0.0,0.0,0.0
2004-09-19,0.0,0.0,0.0,0.0,0.0
2004-09-26,0.0,0.0,0.0,0.0,0.0
2004-10-03,0.0,0.0,0.0,0.0,0.0
2004-10-10,0.0,0.0,0.0,0.0,0.0
2004-10-17,0.0,0.0,0.0,0.0,0.0
2004-10-24,0.0,0.0,0.0,0.0,0.0
2004-10-31,0.0,0.0,0.0,0.0,0.0
2004-11-07,0.0,0.0,0.0,0.0,0.0
2004-11-14,0.0,0.0,0.0,0.0,0.0
2004-11-21,0.0,0.0,0.0,0.0,0.0
2004-11-28,0.0,0.0,0.0,0.0,0.0
2004-12-05,0.0,0.0,0.0,0.0,0.0
2004-12-12,0.0,0.0,0.0,100.0,0.0
2004-12-19,0.0,0.0,0.0,0.0,0.0
2004-12-26,0.0,0.0,0.0,0.0,0.0
2005-01-02,0.0,0.0,0.0,0.0,0.0
2005-01-09,0.0,0.0,0.0,0.0,0.0
2005-01-16,0.0,0.0,0.0,0.0,0.0
2005-01-23,0.0,0.0,0.0,0.0,0.0
2005-01-30,0.0,0.0,0.0,0.0,0.0
2005-02-06,0.0,0.0,0.0,0.0,0.0
2005-02-13,0.0,0.0,0.0,0.0,0.0
2005-02-20,0.0,0.0,0.0,0.0,0.0
2005-02-27,0.0,0.0,0.0,0.0,0.0
2005-03-06,0.0,0.0,0.0,0.0,0.0
2005-03-13,0.0,0.0,0.0,0.0,0.0
2005-03-20,0.0,0.0,0.0,0.0,0.0
2005-03-27,0.0,0.0,0.0,76.0,0.0
2005-04-03,0.0,0.0,0.0,0.0,0.0
2005-04-10,0.0,0.0,0.0,0.0,0.0
2005-04-17,0.0,0.0,0.0,0.0,0.0
2005-04-24,0.0,0.0,0.0,0.0,0.0
2005-05-01,0.0,0.0,0.0,0.0,0.0
2005-05-08,0.0,0.0,0.0,0.0,0.0
2005-05-15,0.0,0.0,0.0,0.0,0.0
2005-05-22,0.0,0.0,0.0,0.0,0.0
2005-05-29,0.0,0.0,0.0,0.0,0.0
2005-06-05,0.0,0.0,0.0,0.0,0.0
2005-06-12,0.0,0.0,0.0,0.0,0.0
2005-06-19,0.0,0.0,0.0,0.0,0.0
2005-06-26,0.0,0.0,0.0,0.0,0.0
2005-07-03,0.0,0.0,0.0,0.0,0.0
2005-07-10,0.0,0.0,0.0,0.0,0.0
2005-07-17,0.0,0.0,0.0,0.0,0.0
2005-07-24,0.0,0.0,0.0,0.0,0.0
2005-07-31,0.0,0.0,0.0,0.0,0.0
2005-08-07,0.0,0.0,70.0,0.0,0.0
2005-08-14,0.0,0.0,0.0,0.0,0.0
2005-08-21,0.0,0.0,0.0,79.0,0.0
2005-08-28,0.0,0.0,0.0,0.0,0.0
2005-09-04,0.0,0.0,0.0,0.0,0.0
2005-09-11,0.0,0.0,0.0,0.0,0.0
2005-09-18,0.0,0.0,0.0,0.0,0.0
2005-09-25,0.0,0.0,0.0,0.0,0.0
2005-10-02,0.0,0.0,0.0,0.0,0.0
2005-10-09,0.0,0.0,0.0,0.0,0.0
2005-10-16,0.0,0.0,0.0,0.0,0.0
2005-10-23,0.0,0.0,0.0,0.0,0.0
2005-10-30,0.0,0.0,0.0,0.0,0.0
2005-11-06,0.0,0.0,0.0,0.0,0.0
2005-11-13,0.0,0.0,0.0,0.0,0.0
2005-11-20,0.0,0.0,0.0,0.0,0.0
2005-11-27,0.0,0.0,0.0,0.0,0.0
2005-12-04,0.0,0.0,0.0,0.0,0.0
2005-12-11,0.0,0.0,0.0,0.0,0.0
2005-12-18,0.0,0.0,0.0,0.0,0.0
2005-12-25,0.0,0.0,0.0,0.0,0.0
2006-01-01,0.0,0.0,0.0,0.0,0.0
2006-01-08,0.0,0.0,0.0,0.0,0.0
2006-01-15,0.0,0.0,0.0,0.0,0.0
2006-01-22,0.0,0.0,0.0,0.0,0.0
2006-01-29,0.0,0.0,0.0,0.0,0.0
2006-02-05,0.0,0.0,0.0,0.0,0.0
2006-02-12,0.0,0.0,0.0,0.0,0.0
2006-02-19,0.0,0.0,0.0,0.0,0.0
2006-02-26,0.0,0.0,0.0,0.0,0.0
2006-03-05,0.0,0.0,0.0,0.0,0.0
2006-03-12,0.0,0.0,0.0,0.0,0.0
2006-03-19,0.0,0.0,0.0,0.0,0.0
2006-03-26,0.0,0.0,0.0,0.0,0.0
2006-04-02,0.0,0.0,0.0,0.0,0.0
2006-04-09,0.0,0.0,0.0,0.0,0.0
2006-04-16,0.0,0.0,0.0,42.0,0.0
2006-04-23,0.0,0.0,0.0,38.0,0.0
2006-04-30,0.0,0.0,0.0,38.0,0.0
2006-05-07,0.0,0.0,0.0,38.0,0.0
2006-05-14,0.0,0.0,0.0,33.0,0.0
2006-05-21,0.0,0.0,0.0,33.0,0.0
2006-05-28,0.0,0.0,0.0,33.0,0.0
2006-06-04,58.0,0.0,0.0,33.0,0.0
2006-06-11,0.0,0.0,0.0,33.0,0.0
2006-06-18,0.0,0.0,0.0,31.0,0.0
2006-06-25,0.0,0.0,0.0,31.0,0.0
2006-07-02,0.0,0.0,0.0,31.0,0.0
2006-07-09,0.0,0.0,0.0,31.0,0.0
2006-07-16,0.0,0.0,0.0,31.0,0.0
2006-07-23,0.0,0.0,0.0,27.0,0.0
2006-07-30,0.0,0.0,0.0,27.0,0.0
2006-08-06,0.0,0.0,0.0,27.0,0.0
2006-08-13,0.0,0.0,0.0,27.0,0.0
2006-08-20,0.0,0.0,0.0,0.0,0.0
2006-08-27,0.0,0.0,0.0,0.0,0.0
2006-09-03,0.0,0.0,0.0,0.0,0.0
2006-09-10,0.0,0.0,0.0,0.0,0.0
2006-09-17,0.0,0.0,0.0,0.0,0.0
2006-09-24,0.0,0.0,0.0,0.0,0.0
2006-10-01,0.0,0.0,0.0,0.0,0.0
2006-10-08,0.0,0.0,0.0,0.0,0.0
2006-10-15,0.0,0.0,0.0,0.0,0.0
2006-10-22,0.0,0.0,0.0,0.0,0.0
2006-10-29,0.0,0.0,0.0,0.0,0.0
2006-11-05,0.0,0.0,0.0,21.0,0.0
2006-11-12,0.0,0.0,0.0,0.0,0.0
2006-11-19,0.0,0.0,0.0,0.0,0.0
2006-11-26,0.0,0.0,0.0,0.0,0.0
2006-12-03,0.0,0.0,0.0,0.0,0.0
2006-12-10,0.0,0.0,0.0,0.0,0.0
2006-12-17,0.0,0.0,0.0,0.0,0.0
2006-12-24,0.0,0.0,27.0,0.0,0.0
2006-12-31,0.0,0.0,0.0,24.0,0.0
2007-01-07,0.0,0.0,0.0,0.0,0.0
2007-01-14,0.0,0.0,0.0,0.0,0.0
2007-01-21,0.0,0.0,0.0,0.0,0.0
2007-01-28,0.0,0.0,0.0,56.0,0.0
2007-02-04,0.0,0.0,0.0,54.0,0.0
2007-02-11,0.0,0.0,0.0,54.0,0.0
2007-02-18,0.0,0.0,0.0,54.0,0.0
2007-02-25,0.0,0.0,0.0,54.0,0.0
2007-03-04,0.0,0.0,0.0,51.0,0.0
2007-03-11,0.0,0.0,0.0,51.0,0.0
2007-03-18,0.0,0.0,0.0,0.0,0.0
2007-03-25,0.0,0.0,0.0,0.0,0.0
2007-04-01,0.0,0.0,0.0,0.0,0.0
2007-04-08,49.0,0.0,0.0,0.0,0.0
2007-04-15,0.0,0.0,0.0,0.0,0.0
2007-04-22,0.0,0.0,0.0,0.0,0.0
2007-04-29,0.0,0.0,0.0,0.0,0.0
2007-05-06,0.0,0.0,87.0,0.0,0.0
2007-05-13,0.0,0.0,0.0,0.0,0.0
2007-05-20,0.0,0.0,0.0,0.0,0.0
2007-05-27,0.0,0.0,0.0,0.0,0.0
2007-06-03,0.0,0.0,0.0,0.0,0.0
2007-06-10,0.0,0.0,0.0,0.0,0.0
2007-06-17,0.0,0.0,0.0,0.0,0.0
2007-06-24,42.0,0.0,0.0,0.0,0.0
2007-07-01,42.0,0.0,0.0,0.0,0.0
2007-07-08,43.0,0.0,0.0,94.0,0.0
2007-07-15,43.0,0.0,0.0,0.0,0.0
2007-07-22,44.0,0.0,0.0,0.0,0.0
2007-07-29,44.0,0.0,44.0,0.0,0.0
2007-08-05,0.0,0.0,38.0,0.0,0.0
2007-08-12,0.0,0.0,38.0,0.0,0.0
2007-08-19,0.0,0.0,38.0,0.0,0.0
2007-08-26,0.0,0.0,38.0,0.0,0.0
2007-09-02,0.0,0.0,0.0,43.0,0.0
2007-09-09,0.0,0.0,0.0,0.0,0.0
2007-09-16,0.0,0.0,0.0,0.0,0.0
2007-09-23,0.0,0.0,0.0,0.0,0.0
2007-09-30,0.0,0.0,0.0,0.0,0.0
2007-10-07,0.0,0.0,0.0,0.0,0.0
2007-10-14,41.0,0.0,0.0,0.0,0.0
2007-10-21,0.0,0.0,0.0,40.0,0.0
2007-10-28,0.0,0.0,0.0,0.0,0.0
2007-11-04,0.0,0.0,0.0,0.0,0.0
2007-11-11,0.0,0.0,0.0,0.0,0.0
2007-11-18,0.0,0.0,0.0,0.0,0.0
2007-11-25,0.0,0.0,0.0,0.0,0.0
2007-12-02,0.0,0.0,0.0,0.0,0.0
2007-12-09,0.0,0.0,0.0,0.0,0.0
2007-12-16,0.0,0.0,0.0,0.0,0.0
2007-12-23,0.0,0.0,0.0,0.0,0.0
2007-12-30,0.0,0.0,0.0,0.0,0.0
2008-01-06,0.0,0.0,0.0,0.0,0.0
2008-01-13,0.0,0.0,0.0,0.0,0.0
2008-01-20,0.0,0.0,0.0,0.0,0.0
2008-01-27,0.0,0.0,0.0,41.0,0.0
2008-02-03,0.0,0.0,0.0,50.0,0.0
2008-02-10,0.0,0.0,40.0,37.0,0.0
2008-02-17,0.0,0.0,40.0,37.0,0.0
2008-02-24,0.0,0.0,40.0,37.0,0.0
2008-03-02,38.0,0.0,40.0,38.0,0.0
2008-03-09,0.0,0.0,40.0,39.0,0.0
2008-03-16,0.0,0.0,40.0,40.0,0.0
2008-03-23,0.0,0.0,37.0,74.0,0.0
2008-03-30,0.0,0.0,36.0,0.0,0.0
2008-04-06,0.0,0.0,36.0,0.0,0.0
2008-04-13,0.0,0.0,37.0,0.0,0.0
2008-04-20,0.0,0.0,37.0,0.0,0.0
2008-04-27,0.0,0.0,38.0,0.0,0.0
2008-05-04,0.0,0.0,38.0,0.0,0.0
2008-05-11,0.0,0.0,38.0,0.0,0.0
2008-05-18,0.0,38.0,38.0,0.0,0.0
2008-05-25,0.0,0.0,38.0,0.0,0.0
2008-06-01,0.0,0.0,38.0,0.0,0.0
2008-06-08,0.0,0.0,38.0,0.0,0.0
2008-06-15,0.0,0.0,39.0,0.0,0.0
2008-06-22,0.0,0.0,40.0,0.0,0.0
2008-06-29,39.0,0.0,40.0,0.0,0.0
2008-07-06,40.0,0.0,41.0,80.0,0.0
2008-07-13,38.0,0.0,42.0,38.0,0.0
2008-07-20,38.0,0.0,0.0,38.0,0.0
2008-07-27,38.0,0.0,0.0,38.0,0.0
2008-08-03,38.0,0.0,0.0,0.0,0.0
2008-08-10,38.0,0.0,0.0,0.0,0.0
2008-08-17,0.0,0.0,0.0,0.0,0.0
2008-08-24,0.0,0.0,0.0,0.0,0.0
2008-08-31,0.0,0.0,0.0,0.0,0.0
2008-09-07,0.0,0.0,0.0,0.0,0.0
2008-09-14,0.0,0.0,0.0,0.0,0.0
2008-09-21,0.0,0.0,0.0,35.0,0.0
2008-09-28,0.0,0.0,35.0,34.0,0.0
2008-10-05,0.0,0.0,36.0,34.0,0.0
2008-10-12,0.0,0.0,36.0,32.0,0.0
2008-10-19,0.0,0.0,37.0,32.0,0.0
2008-10-26,0.0,0.0,37.0,32.0,0.0
2008-11-02,0.0,0.0,38.0,38.0,0.0
2008-11-09,0.0,0.0,37.0,37.0,0.0
2008-11-16,35.0,0.0,37.0,37.0,0.0
2008-11-23,0.0,0.0,37.0,37.0,0.0
2008-11-30,0.0,0.0,37.0,37.0,0.0
2008-12-07,0.0,0.0,37.0,37.0,0.0
2008-12-14,0.0,0.0,0.0,0.0,0.0
2008-12-21,0.0,0.0,0.0,0.0,0.0
2008-12-28,0.0,50.0,0.0,0.0,0.0
2009-01-04,0.0,0.0,0.0,0.0,0.0
2009-01-11,0.0,0.0,0.0,0.0,0.0
2009-01-18,0.0,0.0,0.0,0.0,0.0
2009-01-25,0.0,0.0,0.0,0.0,0.0
2009-02-01,0.0,0.0,0.0,0.0,0.0
2009-02-08,0.0,0.0,0.0,0.0,0.0
2009-02-15,0.0,0.0,0.0,36.0,0.0
2009-02-22,0.0,0.0,0.0,43.0,0.0
2009-03-01,0.0,0.0,0.0,50.0,0.0
2009-03-08,0.0,0.0,0.0,57.0,0.0
2009-03-15,0.0,0.0,0.0,65.0,0.0
2009-03-22,0.0,0.0,0.0,64.0,0.0
2009-03-29,0.0,0.0,0.0,64.0,0.0
2009-04-05,0.0,0.0,0.0,64.0,0.0
2009-04-12,0.0,0.0,32.0,64.0,0.0
2009-04-19,0.0,0.0,0.0,82.0,0.0
2009-04-26,0.0,0.0,0.0,99.0,0.0
2009-05-03,0.0,0.0,0.0,31.0,0.0
2009-05-10,0.0,0.0,0.0,31.0,0.0
2009-05-17,0.0,0.0,0.0,31.0,0.0
2009-05-24,0.0,0.0,0.0,31.0,0.0
2009-05-31,0.0,0.0,31.0,32.0,0.0
2009-06-07,0.0,0.0,0.0,32.0,0.0
2009-06-14,0.0,0.0,0.0,33.0,0.0
2009-06-21,0.0,0.0,0.0,33.0,0.0
2009-06-28,0.0,0.0,0.0,33.0,0.0
2009-07-05,0.0,0.0,0.0,33.0,0.0
2009-07-12,0.0,0.0,0.0,33.0,0.0
2009-07-19,0.0,0.0,0.0,33.0,0.0
2009-07-26,0.0,0.0,0.0,32.0,0.0
2009-08-02,0.0,0.0,0.0,32.0,0.0
2009-08-09,0.0,0.0,0.0,32.0,0.0
2009-08-16,0.0,0.0,0.0,30.0,0.0
2009-08-23,0.0,0.0,0.0,30.0,0.0
2009-08-30,0.0,0.0,0.0,30.0,0.0
2009-09-06,0.0,0.0,0.0,0.0,0.0
2009-09-13,0.0,0.0,0.0,0.0,0.0
2009-09-20,0.0,0.0,0.0,0.0,0.0
2009-09-27,0.0,0.0,0.0,0.0,0.0
2009-10-04,0.0,0.0,0.0,0.0,0.0
2009-10-11,0.0,0.0,0.0,0.0,0.0
2009-10-18,0.0,0.0,0.0,100.0,0.0
2009-10-25,33.0,0.0,0.0,35.0,0.0
2009-11-01,0.0,0.0,0.0,35.0,0.0
2009-11-08,0.0,0.0,0.0,33.0,0.0
2009-11-15,0.0,0.0,0.0,33.0,0.0
2009-11-22,0.0,0.0,0.0,33.0,0.0
2009-11-29,0.0,0.0,0.0,36.0,0.0
2009-12-06,0.0,0.0,0.0,38.0,0.0
2009-12-13,0.0,0.0,0.0,41.0,0.0
2009-12-20,0.0,0.0,0.0,44.0,0.0
2009-12-27,0.0,0.0,0.0,46.0,0.0
2010-01-03,0.0,0.0,0.0,0.0,0.0
2010-01-10,0.0,0.0,0.0,0.0,0.0
2010-01-17,0.0,0.0,0.0,55.0,0.0
2010-01-24,0.0,0.0,0.0,52.0,0.0
2010-01-31,0.0,0.0,0.0,52.0,0.0
2010-02-07,0.0,0.0,0.0,50.0,0.0
2010-02-14,0.0,0.0,0.0,50.0,0.0
2010-02-21,0.0,0.0,0.0,50.0,0.0
2010-02-28,0.0,0.0,0.0,50.0,0.0
2010-03-07,0.0,0.0,50.0,50.0,0.0
2010-03-14,49.0,0.0,50.0,49.0,0.0
2010-03-21,0.0,0.0,50.0,50.0,0.0
2010-03-28,0.0,0.0,50.0,50.0,0.0
2010-04-04,0.0,0.0,50.0,50.0,0.0
2010-04-11,0.0,0.0,0.0,50.0,0.0
2010-04-18,0.0,0.0,0.0,50.0,0.0
2010-04-25,0.0,0.0,0.0,49.0,0.0
2010-05-02,0.0,0.0,0.0,50.0,0.0
2010-05-09,0.0,0.0,0.0,51.0,0.0
2010-05-16,0.0,0.0,0.0,0.0,0.0
2010-05-23,0.0,0.0,49.0,0.0,0.0
2010-05-30,0.0,0.0,0.0,0.0,0.0
2010-06-06,0.0,0.0,0.0,0.0,0.0
2010-06-13,0.0,54.0,0.0,0.0,0.0
2010-06-20,0.0,0.0,0.0,0.0,0.0
2010-06-27,0.0,0.0,0.0,0.0,0.0
2010-07-04,0.0,0.0,0.0,100.0,0.0
2010-07-11,0.0,0.0,0.0,49.0,0.0
2010-07-18,0.0,0.0,0.0,49.0,0.0
2010-07-25,0.0,0.0,0.0,49.0,0.0
2010-08-01,0.0,0.0,0.0,49.0,0.0
2010-08-08,0.0,0.0,0.0,49.0,0.0
2010-08-15,0.0,0.0,0.0,50.0,0.0
2010-08-22,0.0,0.0,48.0,48.0,0.0
2010-08-29,0.0,0.0,0.0,48.0,0.0
2010-09-05,0.0,0.0,0.0,48.0,0.0
2010-09-12,0.0,0.0,0.0,48.0,0.0
2010-09-19,0.0,0.0,0.0,45.0,0.0
2010-09-26,0.0,0.0,0.0,45.0,0.0
2010-10-03,0.0,0.0,0.0,45.0,0.0
2010-10-10,0.0,0.0,0.0,50.0,0.0
2010-10-17,0.0,0.0,0.0,92.0,0.0
2010-10-24,0.0,0.0,0.0,0.0,0.0
2010-10-31,0.0,0.0,0.0,0.0,0.0
2010-11-07,0.0,0.0,0.0,0.0,0.0
2010-11-14,0.0,0.0,0.0,0.0,0.0
2010-11-21,0.0,0.0,0.0,0.0,0.0
2010-11-28,0.0,0.0,0.0,0.0,0.0
2010-12-05,0.0,0.0,0.0,0.0,0.0
2010-12-12,0.0,0.0,0.0,0.0,0.0
2010-12-19,0.0,0.0,58.0,0.0,0.0
2010-12-26,0.0,0.0,12.0,47.0,0.0
2011-01-02,0.0,0.0,12.0,26.0,0.0
2011-01-09,0.0,0.0,12.0,31.0,0.0
2011-01-16,0.0,0.0,24.0,36.0,0.0
2011-01-23,12.0,0.0,24.0,48.0,0.0
2011-01-30,12.0,0.0,12.0,60.0,0.0
2011-02-06,12.0,0.0,12.0,24.0,0.0
2011-02-13,12.0,0.0,12.0,12.0,0.0
2011-02-20,12.0,0.0,12.0,23.0,0.0
2011-02-27,0.0,0.0,35.0,24.0,0.0
2011-03-06,0.0,13.0,11.0,40.0,0.0
2011-03-13,0.0,11.0,11.0,11.0,0.0
2011-03-20,0.0,0.0,15.0,11.0,0.0
2011-03-27,0.0,0.0,18.0,11.0,0.0
2011-04-03,0.0,0.0,22.0,11.0,0.0
2011-04-10,0.0,0.0,26.0,11.0,0.0
2011-04-17,0.0,0.0,30.0,13.0,0.0
2011-04-24,0.0,0.0,34.0,23.0,0.0
2011-05-01,0.0,0.0,11.0,33.0,0.0
2011-05-08,0.0,0.0,11.0,43.0,0.0
2011-05-15,0.0,0.0,11.0,54.0,0.0
2011-05-22,11.0,0.0,11.0,44.0,0.0
2011-05-29,0.0,0.0,11.0,33.0,0.0
2011-06-05,0.0,0.0,11.0,22.0,0.0
2011-06-12,0.0,0.0,10.0,31.0,0.0
2011-06-19,0.0,0.0,32.0,32.0,0.0
2011-06-26,0.0,0.0,10.0,20.0,0.0
2011-07-03,0.0,0.0,0.0,10.0,0.0
2011-07-10,0.0,0.0,0.0,10.0,0.0
2011-07-17,10.0,0.0,0.0,20.0,0.0
2011-07-24,10.0,0.0,0.0,21.0,0.0
2011-07-31,10.0,0.0,0.0,10.0,0.0
2011-08-07,10.0,0.0,10.0,10.0,0.0
2011-08-14,10.0,0.0,39.0,10.0,0.0
2011-08-21,10.0,0.0,20.0,20.0,0.0
2011-08-28,10.0,10.0,10.0,49.0,0.0
2011-09-04,9.0,0.0,10.0,21.0,0.0
2011-09-11,9.0,0.0,9.0,18.0,0.0
2011-09-18,9.0,0.0,9.0,18.0,0.0
2011-09-25,9.0,0.0,9.0,9.0,0.0
2011-10-02,9.0,0.0,12.0,52.0,0.0
2011-10-09,9.0,0.0,15.0,27.0,0.0
2011-10-16,9.0,0.0,18.0,9.0,0.0
2011-10-23,9.0,0.0,9.0,17.0,0.0
2011-10-30,9.0,0.0,9.0,18.0,0.0
2011-11-06,9.0,17.0,9.0,44.0,0.0
2011-11-13,8.0,0.0,8.0,18.0,0.0
2011-11-20,8.0,0.0,8.0,17.0,0.0
2011-11-27,0.0,0.0,8.0,8.0,0.0
2011-12-04,0.0,0.0,12.0,9.0,0.0
2011-12-11,0.0,0.0,15.0,9.0,0.0
2011-12-18,0.0,9.0,19.0,9.0,0.0
2011-12-25,0.0,8.0,18.0,10.0,0.0
2012-01-01,9.0,8.0,18.0,26.0,0.0
2012-01-08,8.0,8.0,25.0,42.0,0.0
2012-01-15,8.0,8.0,16.0,16.0,0.0
2012-01-22,8.0,8.0,8.0,33.0,0.0
2012-01-29,8.0,0.0,8.0,33.0,0.0
2012-02-05,8.0,0.0,12.0,24.0,0.0
2012-02-12,8.0,0.0,16.0,16.0,0.0
2012-02-19,16.0,0.0,16.0,28.0,0.0
2012-02-26,24.0,0.0,16.0,47.0,0.0
2012-03-04,8.0,15.0,15.0,23.0,0.0
2012-03-11,8.0,8.0,15.0,38.0,0.0
2012-03-18,8.0,8.0,9.0,8.0,0.0
2012-03-25,8.0,8.0,9.0,8.0,0.0
2012-04-01,8.0,9.0,9.0,9.0,0.0
2012-04-08,8.0,8.0,24.0,24.0,0.0
2012-04-15,8.0,8.0,15.0,23.0,0.0
2012-04-22,7.0,0.0,31.0,15.0,0.0
2012-04-29,7.0,0.0,48.0,32.0,0.0
2012-05-06,8.0,0.0,8.0,23.0,0.0
2012-05-13,8.0,0.0,8.0,8.0,0.0
2012-05-20,8.0,0.0,15.0,22.0,0.0
2012-05-27,8.0,0.0,7.0,7.0,0.0
2012-06-03,8.0,8.0,15.0,15.0,0.0
2012-06-10,7.0,7.0,7.0,45.0,0.0
2012-06-17,7.0,7.0,43.0,7.0,0.0
2012-06-24,0.0,7.0,15.0,22.0,0.0
2012-07-01,0.0,7.0,7.0,37.0,0.0
2012-07-08,0.0,0.0,23.0,23.0,0.0
2012-07-15,0.0,0.0,30.0,15.0,0.0
2012-07-22,0.0,0.0,15.0,7.0,0.0
2012-07-29,0.0,0.0,15.0,15.0,0.0
2012-08-05,8.0,0.0,15.0,38.0,0.0
2012-08-12,7.0,0.0,7.0,7.0,0.0
2012-08-19,7.0,0.0,7.0,21.0,0.0
2012-08-26,7.0,7.0,28.0,42.0,0.0
2012-09-02,7.0,7.0,7.0,15.0,0.0
2012-09-09,7.0,7.0,7.0,14.0,0.0
2012-09-16,7.0,7.0,28.0,14.0,0.0
2012-09-23,7.0,7.0,7.0,14.0,0.0
2012-09-30,7.0,7.0,14.0,14.0,0.0
2012-10-07,7.0,7.0,14.0,14.0,0.0
2012-10-14,14.0,7.0,14.0,14.0,0.0
2012-10-21,7.0,7.0,28.0,14.0,0.0
2012-10-28,7.0,7.0,29.0,7.0,0.0
2012-11-04,7.0,14.0,28.0,35.0,0.0
2012-11-11,7.0,7.0,22.0,7.0,0.0
2012-11-18,7.0,7.0,7.0,14.0,0.0
2012-11-25,7.0,7.0,21.0,7.0,0.0
2012-12-02,7.0,7.0,7.0,14.0,0.0
2012-12-09,7.0,8.0,29.0,22.0,0.0
2012-12-16,8.0,8.0,23.0,23.0,0.0
2012-12-23,0.0,8.0,18.0,0.0,0.0
2012-12-30,0.0,8.0,42.0,0.0,0.0
2013-01-06,5.0,11.0,5.0,11.0,0.0
2013-01-13,11.0,0.0,5.0,22.0,0.0
2013-01-20,10.0,0.0,16.0,26.0,0.0
2013-01-27,10.0,0.0,10.0,18.0,0.0
2013-02-03,22.0,0.0,11.0,18.0,0.0
2013-02-10,0.0,0.0,12.0,18.0,0.0
2013-02-17,0.0,5.0,10.0,21.0,0.0
2013-02-24,0.0,8.0,15.0,15.0,0.0
2013-03-03,0.0,10.0,15.0,20.0,0.0
2013-03-10,0.0,5.0,25.0,10.0,0.0
2013-03-17,0.0,5.0,25.0,5.0,0.0
2013-03-24,0.0,5.0,5.0,27.0,0.0
2013-03-31,0.0,5.0,25.0,28.0,0.0
2013-04-07,0.0,5.0,29.0,29.0,0.0
2013-04-14,5.0,5.0,20.0,29.0,0.0
2013-04-21,5.0,5.0,5.0,5.0,0.0
2013-04-28,5.0,5.0,24.0,5.0,0.0
2013-05-05,10.0,5.0,10.0,15.0,0.0
2013-05-12,5.0,5.0,5.0,34.0,0.0
2013-05-19,5.0,5.0,10.0,33.0,0.0
2013-05-26,5.0,5.0,31.0,15.0,0.0
2013-06-02,5.0,5.0,15.0,20.0,0.0
2013-06-09,5.0,0.0,34.0,5.0,0.0
2013-06-16,5.0,0.0,5.0,20.0,0.0
2013-06-23,4.0,0.0,10.0,24.0,0.0
2013-06-30,4.0,0.0,9.0,13.0,0.0
2013-07-07,4.0,0.0,27.0,31.0,0.0
2013-07-14,4.0,4.0,13.0,18.0,0.0
2013-07-21,4.0,4.0,13.0,27.0,0.0
2013-07-28,4.0,4.0,9.0,22.0,0.0
2013-08-04,4.0,4.0,9.0,13.0,0.0
2013-08-11,4.0,4.0,13.0,9.0,0.0
2013-08-18,4.0,4.0,13.0,26.0,0.0
2013-08-25,9.0,4.0,30.0,9.0,0.0
2013-09-01,13.0,4.0,30.0,21.0,0.0
2013-09-08,4.0,4.0,33.0,25.0,0.0
2013-09-15,4.0,4.0,16.0,20.0,0.0
2013-09-22,4.0,4.0,16.0,24.0,0.0
2013-09-29,5.0,4.0,12.0,20.0,0.0
2013-10-06,6.0,4.0,4.0,12.0,0.0
2013-10-13,7.0,4.0,20.0,20.0,0.0
2013-10-20,8.0,4.0,29.0,12.0,0.0
2013-10-27,8.0,4.0,34.0,25.0,0.0
2013-11-03,4.0,0.0,20.0,16.0,0.0
2013-11-10,4.0,0.0,22.0,22.0,0.0
2013-11-17,16.0,0.0,8.0,16.0,0.0
2013-11-24,4.0,0.0,31.0,15.0,0.0
2013-12-01,4.0,0.0,13.0,21.0,0.0
2013-12-08,4.0,0.0,30.0,15.0,0.0
2013-12-15,4.0,0.0,22.0,22.0,0.0
2013-12-22,4.0,0.0,17.0,26.0,0.0
2013-12-29,4.0,0.0,4.0,13.0,0.0
2014-01-05,4.0,0.0,29.0,8.0,0.0
2014-01-12,7.0,0.0,14.0,19.0,0.0
2014-01-19,9.0,0.0,33.0,28.0,0.0
2014-01-26,12.0,0.0,42.0,23.0,0.0
2014-02-02,14.0,0.0,19.0,24.0,0.0
2014-02-09,9.0,0.0,9.0,23.0,0.0
2014-02-16,11.0,0.0,5.0,36.0,0.0
2014-02-23,14.0,0.0,36.0,23.0,0.0
2014-03-02,4.0,0.0,18.0,21.0,0.0
2014-03-09,4.0,0.0,18.0,27.0,0.0
2014-03-16,8.0,4.0,34.0,25.0,0.0
2014-03-23,13.0,6.0,21.0,17.0,0.0
2014-03-30,17.0,7.0,17.0,29.0,0.0
2014-04-06,8.0,8.0,17.0,21.0,0.0
2014-04-13,9.0,0.0,10.0,24.0,0.0
2014-04-20,9.0,0.0,27.0,36.0,0.0
2014-04-27,14.0,0.0,28.0,18.0,0.0
2014-05-04,9.0,0.0,27.0,22.0,0.0
2014-05-11,4.0,0.0,31.0,9.0,0.0
2014-05-18,4.0,0.0,20.0,20.0,0.0
2014-05-25,6.0,4.0,15.0,19.0,0.0
2014-06-01,8.0,4.0,17.0,29.0,0.0
2014-06-08,5.0,5.0,50.0,30.0,0.0
2014-06-15,8.0,5.0,26.0,26.0,0.0
2014-06-22,10.0,5.0,46.0,5.0,0.0
2014-06-29,10.0,5.0,15.0,10.0,0.0
2014-07-06,5.0,5.0,10.0,15.0,0.0
2014-07-13,0.0,0.0,14.0,9.0,0.0
2014-07-20,0.0,0.0,18.0,5.0,0.0
2014-07-27,0.0,0.0,36.0,13.0,0.0
2014-08-03,0.0,0.0,24.0,19.0,0.0
2014-08-10,0.0,0.0,27.0,14.0,0.0
2014-08-17,0.0,4.0,31.0,13.0,0.0
2014-08-24,4.0,4.0,49.0,27.0,0.0
2014-08-31,4.0,4.0,35.0,22.0,0.0
2014-09-07,4.0,4.0,17.0,31.0,0.0
2014-09-14,13.0,4.0,9.0,35.0,0.0
2014-09-21,13.0,0.0,57.0,17.0,0.0
2014-09-28,9.0,0.0,21.0,30.0,0.0
2014-10-05,9.0,0.0,9.0,13.0,0.0
2014-10-12,8.0,0.0,31.0,44.0,0.0
2014-10-19,8.0,0.0,17.0,9.0,0.0
2014-10-26,8.0,0.0,8.0,4.0,0.0
2014-11-02,4.0,4.0,39.0,9.0,0.0
2014-11-09,4.0,4.0,17.0,17.0,0.0
2014-11-16,9.0,4.0,18.0,41.0,0.0
2014-11-23,11.0,4.0,25.0,33.0,0.0
2014-11-30,12.0,0.0,30.0,4.0,0.0
2014-12-07,14.0,0.0,23.0,14.0,0.0
2014-12-14,5.0,0.0,27.0,27.0,0.0
2014-12-21,6.0,0.0,17.0,22.0,0.0
2014-12-28,16.0,0.0,27.0,27.0,0.0
2015-01-04,4.0,9.0,40.0,31.0,0.0
2015-01-11,4.0,10.0,43.0,30.0,0.0
2015-01-18,13.0,11.0,30.0,17.0,0.0
2015-01-25,8.0,12.0,37.0,25.0,0.0
2015-02-01,4.0,4.0,29.0,29.0,0.0
2015-02-08,4.0,4.0,17.0,22.0,0.0
2015-02-15,5.0,6.0,73.0,15.0,0.0
2015-02-22,16.0,7.0,58.0,16.0,0.0
2015-03-01,8.0,8.0,29.0,46.0,0.0
2015-03-08,8.0,4.0,17.0,17.0,0.0
2015-03-15,4.0,4.0,25.0,33.0,0.0
2015-03-22,7.0,9.0,37.0,32.0,0.0
2015-03-29,9.0,5.0,27.0,27.0,0.0
2015-04-05,9.0,4.0,38.0,17.0,0.0
2015-04-12,4.0,4.0,68.0,34.0,0.0
2015-04-19,4.0,6.0,26.0,26.0,0.0
2015-04-26,4.0,7.0,44.0,31.0,0.0
2015-05-03,9.0,9.0,72.0,30.0,0.0
2015-05-10,4.0,4.0,26.0,22.0,0.0
2015-05-17,4.0,4.0,75.0,21.0,0.0
2015-05-24,4.0,4.0,62.0,17.0,0.0
2015-05-31,9.0,0.0,22.0,44.0,0.0
2015-06-07,8.0,0.0,38.0,17.0,0.0
2015-06-14,4.0,0.0,50.0,12.0,0.0
2015-06-21,8.0,0.0,23.0,23.0,0.0
2015-06-28,11.0,0.0,44.0,44.0,0.0
2015-07-05,11.0,11.0,30.0,56.0,0.0
2015-07-12,4.0,4.0,47.0,19.0,0.0
2015-07-19,8.0,4.0,31.0,27.0,0.0
2015-07-26,11.0,4.0,45.0,34.0,0.0
2015-08-02,11.0,4.0,56.0,45.0,0.0
2015-08-09,4.0,4.0,48.0,40.0,0.0
2015-08-16,11.0,4.0,36.0,36.0,0.0
2015-08-23,18.0,4.0,75.0,36.0,0.0
2015-08-30,14.0,4.0,100.0,21.0,0.0
2015-09-06,18.0,4.0,33.0,18.0,0.0
2015-09-13,10.0,3.0,59.0,21.0,0.0
2015-09-20,10.0,3.0,38.0,35.0,0.0
2015-09-27,7.0,3.0,34.0,27.0,0.0
2015-10-04,11.0,4.0,25.0,35.0,0.0
2015-10-11,4.0,4.0,38.0,30.0,0.0
2015-10-18,3.0,3.0,31.0,31.0,0.0
2015-10-25,11.0,5.0,53.0,11.0,0.0
2015-11-01,4.0,6.0,26.0,26.0,0.0
2015-11-08,18.0,7.0,50.0,25.0,0.0
2015-11-15,7.0,4.0,39.0,21.0,0.0
2015-11-22,13.0,7.0,27.0,13.0,0.0
2015-11-29,7.0,11.0,40.0,18.0,0.0
2015-12-06,23.0,4.0,69.0,35.0,0.0
2015-12-13,4.0,0.0,47.0,12.0,0.0
2015-12-20,4.0,0.0,65.0,14.0,0.0
2015-12-27,5.0,0.0,37.0,28.0,0.0
2016-01-03,10.0,0.0,67.0,10.0,0.0
2016-01-10,14.0,0.0,73.0,36.0,0.0
2016-01-17,5.0,5.0,56.0,65.0,0.0
2016-01-24,5.0,5.0,50.0,59.0,0.0
2016-01-31,5.0,5.0,46.0,51.0,0.0
2016-02-07,11.0,5.0,58.0,16.0,0.0
2016-02-14,23.0,9.0,37.0,37.0,0.0
2016-02-21,14.0,5.0,68.0,32.0,0.0
2016-02-28,9.0,9.0,91.0,43.0,0.0
2016-03-06,4.0,11.0,56.0,52.0,0.0
2016-03-13,17.0,13.0,82.0,43.0,0.0
2016-03-20,9.0,14.0,52.0,33.0,0.0
2016-03-27,13.0,13.0,61.0,26.0,0.0
2016-04-03,4.0,13.0,88.0,18.0,0.0
2016-04-10,4.0,4.0,62.0,31.0,0.0
2016-04-17,4.0,19.0,84.0,19.0,0.0
2016-04-24,4.0,22.0,85.0,49.0,0.0
2016-05-01,9.0,28.0,51.0,28.0,0.0
2016-05-08,13.0,27.0,62.0,27.0,0.0
2016-05-15,9.0,4.0,58.0,31.0,0.0
2016-05-22,15.0,5.0,45.0,50.0,0.0
2016-05-29,5.0,4.0,26.0,30.0,0.0
2016-06-05,5.0,4.0,58.0,36.0,0.0
2016-06-12,5.0,5.0,93.0,23.0,0.0
2016-06-19,18.0,5.0,45.0,27.0,0.0
2016-06-26,9.0,5.0,41.0,41.0,0.0
2016-07-03,11.0,5.0,42.0,28.0,0.0
2016-07-10,14.0,6.0,100.0,45.0,0.0
2016-07-17,5.0,8.0,46.0,46.0,0.0
2016-07-24,5.0,9.0,55.0,23.0,0.0
2016-07-31,13.0,9.0,49.0,31.0,0.0
2016-08-07,18.0,4.0,88.0,48.0,0.0
2016-08-14,9.0,4.0,75.0,44.0,0.0
2016-08-21,9.0,13.0,52.0,17.0,0.0
2016-08-28,8.0,4.0,58.0,37.0,0.0
2016-09-04,12.0,6.0,68.0,27.0,0.0
2016-09-11,17.0,8.0,54.0,38.0,0.0
2016-09-18,9.0,4.0,65.0,48.0,0.0
2016-09-25,9.0,4.0,39.0,65.0,0.0
2016-10-02,13.0,4.0,59.0,29.0,0.0
2016-10-09,9.0,5.0,59.0,32.0,0.0
2016-10-16,8.0,4.0,84.0,21.0,0.0
2016-10-23,20.0,0.0,61.0,41.0,0.0
2016-10-30,4.0,0.0,64.0,34.0,0.0
