Date,diarreia,dor no corpo,fadiga,irritacao sobre a pele,mal estar
2004-01-04,0.0,0.0,0.0,0.0,0.0
2004-01-11,0.0,0.0,0.0,0.0,0.0
2004-01-18,0.0,0.0,0.0,0.0,0.0
2004-01-25,0.0,0.0,0.0,0.0,0.0
2004-02-01,0.0,0.0,0.0,0.0,0.0
2004-02-08,0.0,0.0,0.0,0.0,0.0
2004-02-15,0.0,0.0,0.0,0.0,0.0
2004-02-22,0.0,0.0,0.0,0.0,67.0
2004-02-29,0.0,0.0,0.0,0.0,42.0
2004-03-07,0.0,0.0,0.0,0.0,42.0
2004-03-14,0.0,0.0,0.0,0.0,42.0
2004-03-21,0.0,0.0,0.0,0.0,0.0
2004-03-28,0.0,0.0,0.0,0.0,0.0
2004-04-04,50.0,0.0,0.0,0.0,0.0
2004-04-11,0.0,0.0,0.0,0.0,0.0
2004-04-18,0.0,0.0,0.0,0.0,0.0
2004-04-25,0.0,0.0,0.0,0.0,0.0
2004-05-02,0.0,0.0,0.0,0.0,0.0
2004-05-09,0.0,0.0,0.0,0.0,0.0
2004-05-16,0.0,0.0,0.0,0.0,0.0
2004-05-23,0.0,0.0,0.0,0.0,0.0
2004-05-30,38.0,0.0,0.0,0.0,0.0
2004-06-06,35.0,0.0,0.0,0.0,0.0
2004-06-13,35.0,0.0,0.0,0.0,35.0
2004-06-20,37.0,0.0,0.0,0.0,0.0
2004-06-27,38.0,0.0,0.0,0.0,0.0
2004-07-04,0.0,0.0,43.0,0.0,0.0
2004-07-11,0.0,0.0,0.0,0.0,0.0
2004-07-18,0.0,0.0,0.0,0.0,0.0
2004-07-25,0.0,0.0,0.0,0.0,0.0
2004-08-01,0.0,0.0,0.0,0.0,0.0
2004-08-08,0.0,0.0,0.0,0.0,0.0
2004-08-15,0.0,0.0,0.0,0.0,0.0
2004-08-22,0.0,0.0,0.0,0.0,0.0
2004-08-29,0.0,0.0,0.0,0.0,0.0
2004-09-05,37.0,0.0,0.0,0.0,0.0
2004-09-12,0.0,0.0,0.0,0.0,0.0
2004-09-19,0.0,0.0,0.0,0.0,0.0
2004-09-26,0.0,0.0,0.0,0.0,0.0
2004-10-03,0.0,0.0,32.0,0.0,0.0
2004-10-10,0.0,0.0,33.0,0.0,0.0
2004-10-17,0.0,0.0,35.0,0.0,0.0
2004-10-24,0.0,0.0,36.0,0.0,0.0
2004-10-31,0.0,0.0,0.0,0.0,0.0
2004-11-07,0.0,0.0,0.0,0.0,47.0
2004-11-14,0.0,0.0,0.0,0.0,0.0
2004-11-21,31.0,0.0,0.0,0.0,0.0
2004-11-28,0.0,0.0,0.0,0.0,0.0
2004-12-05,0.0,0.0,36.0,0.0,0.0
2004-12-12,0.0,0.0,0.0,0.0,0.0
2004-12-19,0.0,44.0,0.0,0.0,0.0
2004-12-26,0.0,0.0,0.0,0.0,0.0
2005-01-02,0.0,0.0,0.0,0.0,0.0
2005-01-09,0.0,0.0,0.0,0.0,0.0
2005-01-16,0.0,0.0,0.0,0.0,0.0
2005-01-23,38.0,0.0,0.0,0.0,0.0
2005-01-30,0.0,0.0,0.0,0.0,0.0
2005-02-06,0.0,0.0,0.0,0.0,0.0
2005-02-13,0.0,0.0,0.0,0.0,0.0
2005-02-20,0.0,0.0,36.0,0.0,0.0
2005-02-27,0.0,0.0,31.0,0.0,0.0
2005-03-06,0.0,0.0,31.0,0.0,0.0
2005-03-13,31.0,0.0,31.0,0.0,0.0
2005-03-20,30.0,0.0,36.0,0.0,0.0
2005-03-27,30.0,0.0,40.0,0.0,0.0
2005-04-03,30.0,0.0,44.0,0.0,0.0
2005-04-10,30.0,0.0,30.0,0.0,0.0
2005-04-17,59.0,0.0,0.0,0.0,0.0
2005-04-24,89.0,0.0,0.0,0.0,0.0
2005-05-01,28.0,0.0,0.0,0.0,0.0
2005-05-08,28.0,0.0,0.0,0.0,0.0
2005-05-15,28.0,28.0,0.0,0.0,0.0
2005-05-22,0.0,28.0,0.0,0.0,0.0
2005-05-29,0.0,28.0,0.0,0.0,0.0
2005-06-05,0.0,28.0,0.0,0.0,0.0
2005-06-12,0.0,28.0,0.0,0.0,0.0
2005-06-19,0.0,28.0,55.0,0.0,28.0
2005-06-26,0.0,0.0,27.0,0.0,0.0
2005-07-03,0.0,0.0,28.0,0.0,0.0
2005-07-10,0.0,0.0,30.0,0.0,0.0
2005-07-17,0.0,0.0,31.0,0.0,0.0
2005-07-24,0.0,0.0,0.0,0.0,0.0
2005-07-31,0.0,0.0,0.0,0.0,0.0
2005-08-07,0.0,0.0,0.0,0.0,0.0
2005-08-14,0.0,0.0,0.0,0.0,0.0
2005-08-21,0.0,0.0,0.0,0.0,0.0
2005-08-28,0.0,0.0,0.0,0.0,25.0
2005-09-04,0.0,0.0,25.0,0.0,100.0
2005-09-11,48.0,0.0,30.0,0.0,0.0
2005-09-18,0.0,0.0,35.0,0.0,0.0
2005-09-25,0.0,0.0,41.0,0.0,0.0
2005-10-02,0.0,0.0,46.0,0.0,0.0
2005-10-09,0.0,0.0,44.0,0.0,0.0
2005-10-16,0.0,0.0,44.0,0.0,0.0
2005-10-23,22.0,0.0,44.0,0.0,0.0
2005-10-30,0.0,0.0,21.0,0.0,0.0
2005-11-06,0.0,0.0,21.0,0.0,26.0
2005-11-13,0.0,0.0,21.0,0.0,0.0
2005-11-20,0.0,0.0,21.0,0.0,0.0
2005-11-27,0.0,0.0,22.0,0.0,0.0
2005-12-04,0.0,0.0,23.0,0.0,0.0
2005-12-11,0.0,0.0,24.0,0.0,0.0
2005-12-18,0.0,0.0,28.0,0.0,0.0
2005-12-25,0.0,0.0,0.0,0.0,0.0
2006-01-01,0.0,0.0,0.0,0.0,0.0
2006-01-08,0.0,0.0,0.0,0.0,0.0
2006-01-15,24.0,0.0,0.0,0.0,0.0
2006-01-22,19.0,0.0,0.0,0.0,0.0
2006-01-29,19.0,0.0,19.0,0.0,0.0
2006-02-05,0.0,0.0,17.0,0.0,17.0
2006-02-12,0.0,0.0,0.0,0.0,16.0
2006-02-19,0.0,0.0,0.0,0.0,16.0
2006-02-26,0.0,0.0,0.0,0.0,16.0
2006-03-05,0.0,0.0,0.0,0.0,16.0
2006-03-12,0.0,0.0,0.0,0.0,0.0
2006-03-19,0.0,0.0,0.0,0.0,0.0
2006-03-26,0.0,0.0,0.0,0.0,0.0
2006-04-02,0.0,0.0,0.0,0.0,0.0
2006-04-09,0.0,0.0,16.0,0.0,0.0
2006-04-16,0.0,0.0,15.0,0.0,0.0
2006-04-23,0.0,0.0,0.0,0.0,0.0
2006-04-30,0.0,0.0,0.0,0.0,0.0
2006-05-07,28.0,0.0,0.0,0.0,14.0
2006-05-14,0.0,0.0,0.0,0.0,11.0
2006-05-21,0.0,0.0,0.0,0.0,11.0
2006-05-28,0.0,0.0,0.0,0.0,0.0
2006-06-04,0.0,0.0,0.0,0.0,0.0
2006-06-11,0.0,0.0,0.0,0.0,0.0
2006-06-18,0.0,0.0,0.0,0.0,0.0
2006-06-25,11.0,0.0,0.0,0.0,0.0
2006-07-02,0.0,0.0,11.0,0.0,0.0
2006-07-09,0.0,0.0,0.0,0.0,0.0
2006-07-16,0.0,0.0,0.0,0.0,0.0
2006-07-23,0.0,0.0,0.0,0.0,0.0
2006-07-30,0.0,0.0,0.0,0.0,10.0
2006-08-06,10.0,0.0,0.0,0.0,0.0
2006-08-13,10.0,0.0,0.0,0.0,0.0
2006-08-20,9.0,0.0,0.0,0.0,0.0
2006-08-27,10.0,0.0,0.0,0.0,0.0
2006-09-03,10.0,0.0,0.0,0.0,0.0
2006-09-10,12.0,0.0,0.0,0.0,0.0
2006-09-17,14.0,0.0,0.0,0.0,0.0
2006-09-24,15.0,0.0,0.0,0.0,0.0
2006-10-01,17.0,0.0,0.0,0.0,0.0
2006-10-08,8.0,0.0,0.0,0.0,0.0
2006-10-15,8.0,0.0,0.0,0.0,8.0
2006-10-22,8.0,0.0,0.0,0.0,0.0
2006-10-29,9.0,0.0,26.0,0.0,0.0
2006-11-05,8.0,0.0,0.0,0.0,0.0
2006-11-12,8.0,0.0,0.0,0.0,0.0
2006-11-19,8.0,0.0,0.0,0.0,0.0
2006-11-26,7.0,0.0,0.0,0.0,7.0
2006-12-03,8.0,0.0,0.0,0.0,0.0
2006-12-10,8.0,0.0,0.0,0.0,0.0
2006-12-17,9.0,0.0,0.0,0.0,0.0
2006-12-24,0.0,10.0,0.0,0.0,0.0
2006-12-31,0.0,0.0,0.0,0.0,0.0
2007-01-07,0.0,0.0,0.0,0.0,31.0
2007-01-14,0.0,0.0,0.0,0.0,0.0
2007-01-21,0.0,0.0,0.0,0.0,0.0
2007-01-28,29.0,0.0,0.0,0.0,0.0
2007-02-04,31.0,0.0,0.0,0.0,0.0
2007-02-11,34.0,0.0,29.0,0.0,0.0
2007-02-18,36.0,0.0,28.0,0.0,0.0
2007-02-25,55.0,0.0,28.0,0.0,0.0
2007-03-04,52.0,0.0,26.0,0.0,0.0
2007-03-11,26.0,0.0,26.0,0.0,0.0
2007-03-18,26.0,0.0,26.0,0.0,0.0
2007-03-25,25.0,0.0,24.0,0.0,0.0
2007-04-01,37.0,0.0,24.0,0.0,0.0
2007-04-08,50.0,0.0,24.0,0.0,0.0
2007-04-15,24.0,0.0,24.0,0.0,0.0
2007-04-22,48.0,0.0,24.0,0.0,0.0
2007-04-29,26.0,0.0,22.0,0.0,0.0
2007-05-06,44.0,0.0,22.0,0.0,0.0
2007-05-13,22.0,22.0,22.0,0.0,0.0
2007-05-20,21.0,0.0,21.0,0.0,21.0
2007-05-27,42.0,0.0,22.0,0.0,21.0
2007-06-03,24.0,0.0,24.0,0.0,0.0
2007-06-10,21.0,0.0,25.0,0.0,0.0
2007-06-17,21.0,0.0,26.0,0.0,0.0
2007-06-24,21.0,0.0,21.0,0.0,0.0
2007-07-01,23.0,0.0,22.0,0.0,0.0
2007-07-08,24.0,0.0,23.0,0.0,0.0
2007-07-15,25.0,0.0,23.0,0.0,25.0
2007-07-22,0.0,0.0,24.0,0.0,22.0
2007-07-29,0.0,0.0,21.0,0.0,22.0
2007-08-05,0.0,0.0,21.0,0.0,43.0
2007-08-12,0.0,0.0,21.0,0.0,21.0
2007-08-19,0.0,0.0,30.0,0.0,21.0
2007-08-26,58.0,0.0,39.0,0.0,22.0
2007-09-02,22.0,0.0,44.0,0.0,22.0
2007-09-09,61.0,0.0,0.0,0.0,20.0
2007-09-16,40.0,20.0,0.0,0.0,20.0
2007-09-23,40.0,20.0,0.0,0.0,20.0
2007-09-30,21.0,20.0,0.0,0.0,21.0
2007-10-07,21.0,20.0,0.0,0.0,21.0
2007-10-14,21.0,20.0,42.0,0.0,21.0
2007-10-21,21.0,21.0,21.0,0.0,21.0
2007-10-28,19.0,19.0,39.0,0.0,21.0
2007-11-04,19.0,19.0,57.0,0.0,26.0
2007-11-11,19.0,19.0,75.0,0.0,31.0
2007-11-18,18.0,18.0,74.0,0.0,36.0
2007-11-25,18.0,18.0,74.0,0.0,0.0
2007-12-02,40.0,0.0,20.0,0.0,0.0
2007-12-09,42.0,0.0,41.0,0.0,0.0
2007-12-16,45.0,0.0,22.0,0.0,0.0
2007-12-23,85.0,0.0,25.0,0.0,0.0
2007-12-30,22.0,0.0,27.0,0.0,0.0
2008-01-06,22.0,22.0,22.0,0.0,0.0
2008-01-13,43.0,20.0,42.0,0.0,0.0
2008-01-20,45.0,20.0,62.0,0.0,0.0
2008-01-27,48.0,20.0,19.0,0.0,21.0
2008-02-03,50.0,20.0,19.0,0.0,19.0
2008-02-10,40.0,20.0,19.0,0.0,19.0
2008-02-17,38.0,19.0,19.0,0.0,19.0
2008-02-24,19.0,19.0,19.0,0.0,19.0
2008-03-02,19.0,19.0,19.0,0.0,19.0
2008-03-09,20.0,19.0,30.0,0.0,19.0
2008-03-16,21.0,18.0,41.0,0.0,19.0
2008-03-23,56.0,18.0,18.0,0.0,19.0
2008-03-30,36.0,18.0,18.0,0.0,0.0
2008-04-06,18.0,18.0,18.0,0.0,0.0
2008-04-13,18.0,18.0,18.0,0.0,0.0
2008-04-20,29.0,19.0,38.0,0.0,0.0
2008-04-27,39.0,18.0,36.0,0.0,0.0
2008-05-04,18.0,18.0,36.0,0.0,0.0
2008-05-11,18.0,18.0,36.0,0.0,0.0
2008-05-18,18.0,18.0,18.0,0.0,0.0
2008-05-25,18.0,18.0,18.0,0.0,18.0
2008-06-01,38.0,19.0,28.0,0.0,19.0
2008-06-08,20.0,19.0,39.0,0.0,0.0
2008-06-15,20.0,0.0,20.0,0.0,0.0
2008-06-22,41.0,0.0,20.0,0.0,0.0
2008-06-29,20.0,0.0,20.0,0.0,0.0
2008-07-06,27.0,0.0,40.0,0.0,0.0
2008-07-13,34.0,0.0,20.0,0.0,0.0
2008-07-20,40.0,0.0,20.0,0.0,0.0
2008-07-27,57.0,0.0,19.0,0.0,0.0
2008-08-03,18.0,0.0,19.0,0.0,0.0
2008-08-10,27.0,0.0,19.0,0.0,0.0
2008-08-17,36.0,0.0,36.0,0.0,0.0
2008-08-24,18.0,18.0,18.0,0.0,0.0
2008-08-31,35.0,18.0,18.0,0.0,0.0
2008-09-07,18.0,17.0,18.0,0.0,0.0
2008-09-14,52.0,17.0,52.0,0.0,0.0
2008-09-21,35.0,0.0,18.0,0.0,0.0
2008-09-28,36.0,0.0,18.0,0.0,0.0
2008-10-05,17.0,0.0,16.0,0.0,17.0
2008-10-12,37.0,0.0,16.0,0.0,18.0
2008-10-19,32.0,0.0,16.0,0.0,18.0
2008-10-26,32.0,0.0,16.0,0.0,32.0
2008-11-02,38.0,0.0,17.0,0.0,19.0
2008-11-09,36.0,0.0,17.0,0.0,18.0
2008-11-16,36.0,0.0,18.0,0.0,18.0
2008-11-23,17.0,0.0,17.0,0.0,18.0
2008-11-30,19.0,0.0,37.0,0.0,18.0
2008-12-07,21.0,0.0,19.0,0.0,19.0
2008-12-14,23.0,0.0,21.0,0.0,21.0
2008-12-21,24.0,0.0,23.0,0.0,23.0
2008-12-28,25.0,25.0,25.0,0.0,25.0
2009-01-04,19.0,18.0,18.0,0.0,18.0
2009-01-11,28.0,18.0,18.0,0.0,18.0
2009-01-18,37.0,18.0,18.0,0.0,18.0
2009-01-25,36.0,18.0,18.0,0.0,18.0
2009-02-01,37.0,18.0,18.0,0.0,18.0
2009-02-08,88.0,18.0,18.0,0.0,18.0
2009-02-15,22.0,18.0,18.0,0.0,18.0
2009-02-22,22.0,17.0,22.0,0.0,16.0
2009-03-01,17.0,17.0,16.0,0.0,16.0
2009-03-08,33.0,17.0,16.0,0.0,16.0
2009-03-15,49.0,16.0,16.0,0.0,16.0
2009-03-22,32.0,16.0,16.0,0.0,16.0
2009-03-29,65.0,16.0,17.0,0.0,0.0
2009-04-05,18.0,21.0,18.0,0.0,0.0
2009-04-12,33.0,25.0,33.0,0.0,0.0
2009-04-19,17.0,29.0,42.0,0.0,0.0
2009-04-26,34.0,34.0,51.0,0.0,0.0
2009-05-03,33.0,17.0,33.0,0.0,0.0
2009-05-10,16.0,16.0,32.0,0.0,16.0
2009-05-17,16.0,16.0,16.0,0.0,39.0
2009-05-24,31.0,16.0,16.0,0.0,62.0
2009-05-31,62.0,16.0,16.0,0.0,16.0
2009-06-07,83.0,0.0,23.0,0.0,15.0
2009-06-14,15.0,0.0,30.0,0.0,15.0
2009-06-21,61.0,0.0,30.0,0.0,0.0
2009-06-28,64.0,0.0,16.0,0.0,0.0
2009-07-05,17.0,0.0,17.0,0.0,0.0
2009-07-12,17.0,0.0,17.0,0.0,0.0
2009-07-19,16.0,0.0,16.0,0.0,0.0
2009-07-26,16.0,0.0,16.0,0.0,16.0
2009-08-02,16.0,16.0,33.0,0.0,33.0
2009-08-09,32.0,16.0,16.0,0.0,16.0
2009-08-16,31.0,16.0,16.0,0.0,16.0
2009-08-23,15.0,15.0,15.0,0.0,0.0
2009-08-30,15.0,15.0,15.0,0.0,0.0
2009-09-06,34.0,16.0,17.0,0.0,0.0
2009-09-13,61.0,16.0,24.0,0.0,0.0
2009-09-20,16.0,16.0,32.0,0.0,0.0
2009-09-27,50.0,16.0,17.0,0.0,33.0
2009-10-04,33.0,16.0,21.0,0.0,17.0
2009-10-11,55.0,16.0,25.0,0.0,17.0
2009-10-18,34.0,17.0,29.0,0.0,17.0
2009-10-25,100.0,17.0,33.0,0.0,17.0
2009-11-01,17.0,0.0,42.0,0.0,17.0
2009-11-08,17.0,0.0,51.0,0.0,17.0
2009-11-15,34.0,0.0,17.0,0.0,0.0
2009-11-22,84.0,0.0,17.0,0.0,0.0
2009-11-29,35.0,0.0,18.0,0.0,0.0
2009-12-06,37.0,19.0,19.0,0.0,0.0
2009-12-13,38.0,0.0,21.0,0.0,0.0
2009-12-20,43.0,0.0,23.0,0.0,0.0
2009-12-27,47.0,0.0,24.0,0.0,0.0
2010-01-03,89.0,67.0,0.0,0.0,0.0
2010-01-10,43.0,20.0,22.0,0.0,22.0
2010-01-17,43.0,20.0,22.0,0.0,31.0
2010-01-24,61.0,20.0,20.0,0.0,41.0
2010-01-31,61.0,0.0,21.0,0.0,20.0
2010-02-07,82.0,0.0,21.0,0.0,20.0
2010-02-14,50.0,0.0,25.0,0.0,20.0
2010-02-21,74.0,0.0,30.0,0.0,20.0
2010-02-28,98.0,0.0,34.0,0.0,20.0
2010-03-07,39.0,20.0,39.0,0.0,19.0
2010-03-14,77.0,19.0,39.0,0.0,19.0
2010-03-21,19.0,19.0,21.0,0.0,38.0
2010-03-28,42.0,20.0,21.0,0.0,20.0
2010-04-04,61.0,20.0,27.0,0.0,20.0
2010-04-11,79.0,20.0,33.0,0.0,20.0
2010-04-18,39.0,20.0,39.0,0.0,20.0
2010-04-25,57.0,20.0,57.0,0.0,19.0
2010-05-02,40.0,20.0,20.0,0.0,19.0
2010-05-09,20.0,30.0,20.0,0.0,19.0
2010-05-16,39.0,39.0,21.0,0.0,20.0
2010-05-23,38.0,0.0,21.0,0.0,19.0
2010-05-30,64.0,0.0,21.0,0.0,21.0
2010-06-06,20.0,0.0,0.0,0.0,20.0
2010-06-13,21.0,0.0,0.0,0.0,20.0
2010-06-20,100.0,0.0,0.0,0.0,20.0
2010-06-27,20.0,21.0,0.0,0.0,20.0
2010-07-04,20.0,20.0,0.0,0.0,20.0
2010-07-11,20.0,20.0,20.0,0.0,20.0
2010-07-18,20.0,20.0,20.0,0.0,19.0
2010-07-25,40.0,20.0,20.0,0.0,19.0
2010-08-01,39.0,0.0,19.0,0.0,19.0
2010-08-08,19.0,0.0,38.0,0.0,19.0
2010-08-15,39.0,0.0,19.0,0.0,23.0
2010-08-22,37.0,0.0,19.0,0.0,27.0
2010-08-29,37.0,0.0,19.0,0.0,30.0
2010-09-05,20.0,20.0,61.0,0.0,34.0
2010-09-12,57.0,19.0,19.0,0.0,38.0
2010-09-19,19.0,19.0,18.0,0.0,19.0
2010-09-26,18.0,19.0,18.0,0.0,18.0
2010-10-03,36.0,19.0,18.0,0.0,18.0
2010-10-10,59.0,20.0,0.0,0.0,18.0
2010-10-17,18.0,18.0,0.0,0.0,18.0
2010-10-24,18.0,18.0,0.0,0.0,18.0
2010-10-31,38.0,0.0,0.0,0.0,27.0
2010-11-07,36.0,0.0,0.0,0.0,36.0
2010-11-14,57.0,0.0,0.0,0.0,19.0
2010-11-21,53.0,0.0,0.0,0.0,0.0
2010-11-28,73.0,0.0,0.0,0.0,0.0
2010-12-05,39.0,20.0,20.0,0.0,0.0
2010-12-12,78.0,5.0,20.0,0.0,0.0
2010-12-19,68.0,5.0,18.0,0.0,0.0
2010-12-26,18.0,5.0,18.0,0.0,18.0
2011-01-02,85.0,5.0,10.0,0.0,10.0
2011-01-09,28.0,14.0,5.0,0.0,19.0
2011-01-16,42.0,9.0,5.0,0.0,14.0
2011-01-23,56.0,5.0,14.0,0.0,14.0
2011-01-30,28.0,14.0,33.0,0.0,23.0
2011-02-06,37.0,5.0,9.0,0.0,14.0
2011-02-13,28.0,6.0,14.0,0.0,5.0
2011-02-20,41.0,8.0,14.0,0.0,14.0
2011-02-27,41.0,9.0,18.0,0.0,5.0
2011-03-06,37.0,5.0,10.0,0.0,5.0
2011-03-13,43.0,4.0,17.0,0.0,4.0
2011-03-20,38.0,8.0,17.0,0.0,11.0
2011-03-27,46.0,8.0,13.0,0.0,17.0
2011-04-03,52.0,9.0,17.0,0.0,17.0
2011-04-10,22.0,4.0,9.0,0.0,13.0
2011-04-17,45.0,15.0,20.0,0.0,10.0
2011-04-24,53.0,13.0,9.0,0.0,9.0
2011-05-01,43.0,22.0,17.0,0.0,9.0
2011-05-08,17.0,4.0,30.0,0.0,9.0
2011-05-15,17.0,13.0,13.0,0.0,8.0
2011-05-22,34.0,13.0,9.0,0.0,9.0
2011-05-29,43.0,9.0,9.0,0.0,17.0
2011-06-05,17.0,9.0,9.0,0.0,4.0
2011-06-12,57.0,10.0,8.0,0.0,8.0
2011-06-19,34.0,11.0,8.0,0.0,13.0
2011-06-26,39.0,12.0,12.0,0.0,27.0
2011-07-03,35.0,14.0,14.0,0.0,12.0
2011-07-10,47.0,16.0,16.0,0.0,4.0
2011-07-17,24.0,4.0,4.0,0.0,4.0
2011-07-24,65.0,4.0,16.0,0.0,16.0
2011-07-31,12.0,4.0,4.0,0.0,4.0
2011-08-07,31.0,12.0,12.0,0.0,23.0
2011-08-14,62.0,4.0,19.0,0.0,31.0
2011-08-21,38.0,8.0,11.0,0.0,19.0
2011-08-28,42.0,4.0,4.0,0.0,8.0
2011-09-04,45.0,4.0,6.0,0.0,8.0
2011-09-11,49.0,15.0,8.0,0.0,19.0
2011-09-18,35.0,7.0,14.0,0.0,14.0
2011-09-25,31.0,3.0,14.0,0.0,14.0
2011-10-02,30.0,11.0,10.0,0.0,14.0
2011-10-09,43.0,18.0,11.0,0.0,11.0
2011-10-16,31.0,3.0,10.0,0.0,17.0
2011-10-23,44.0,3.0,17.0,0.0,10.0
2011-10-30,72.0,18.0,7.0,0.0,14.0
2011-11-06,38.0,17.0,10.0,0.0,17.0
2011-11-13,39.0,11.0,7.0,0.0,14.0
2011-11-20,43.0,10.0,23.0,0.0,16.0
2011-11-27,40.0,10.0,17.0,0.0,10.0
2011-12-04,21.0,3.0,24.0,0.0,24.0
2011-12-11,31.0,17.0,14.0,0.0,10.0
2011-12-18,40.0,11.0,15.0,0.0,7.0
2011-12-25,35.0,8.0,12.0,0.0,8.0
2012-01-01,72.0,7.0,7.0,0.0,14.0
2012-01-08,49.0,6.0,3.0,0.0,13.0
2012-01-15,26.0,6.0,13.0,0.0,10.0
2012-01-22,68.0,19.0,3.0,0.0,16.0
2012-01-29,72.0,10.0,7.0,0.0,16.0
2012-02-05,44.0,6.0,6.0,0.0,6.0
2012-02-12,32.0,6.0,3.0,0.0,13.0
2012-02-19,66.0,15.0,18.0,0.0,22.0
2012-02-26,68.0,6.0,3.0,0.0,6.0
2012-03-04,45.0,8.0,12.0,0.0,6.0
2012-03-11,41.0,9.0,9.0,0.0,12.0
2012-03-18,48.0,12.0,12.0,0.0,9.0
2012-03-25,50.0,3.0,7.0,0.0,18.0
2012-04-01,63.0,3.0,7.0,0.0,10.0
2012-04-08,41.0,10.0,16.0,0.0,10.0
2012-04-15,47.0,15.0,3.0,0.0,9.0
2012-04-22,35.0,6.0,9.0,0.0,12.0
2012-04-29,59.0,12.0,3.0,0.0,16.0
2012-05-06,38.0,15.0,12.0,0.0,18.0
2012-05-13,30.0,6.0,21.0,0.0,6.0
2012-05-20,38.0,3.0,12.0,0.0,12.0
2012-05-27,54.0,6.0,3.0,0.0,20.0
2012-06-03,51.0,18.0,9.0,0.0,9.0
2012-06-10,62.0,3.0,18.0,0.0,32.0
2012-06-17,31.0,6.0,14.0,0.0,11.0
2012-06-24,49.0,3.0,14.0,0.0,11.0
2012-07-01,55.0,6.0,12.0,0.0,9.0
2012-07-08,74.0,6.0,6.0,0.0,9.0
2012-07-15,70.0,10.0,3.0,0.0,15.0
2012-07-22,41.0,15.0,12.0,0.0,26.0
2012-07-29,52.0,6.0,17.0,0.0,9.0
2012-08-05,45.0,15.0,6.0,0.0,21.0
2012-08-12,55.0,3.0,20.0,0.0,23.0
2012-08-19,61.0,8.0,14.0,0.0,11.0
2012-08-26,55.0,6.0,14.0,0.0,8.0
2012-09-02,47.0,12.0,6.0,0.0,18.0
2012-09-09,50.0,8.0,11.0,0.0,6.0
2012-09-16,22.0,8.0,11.0,0.0,8.0
2012-09-23,49.0,14.0,11.0,0.0,5.0
2012-09-30,46.0,16.0,16.0,0.0,5.0
2012-10-07,55.0,6.0,17.0,0.0,19.0
2012-10-14,30.0,14.0,8.0,0.0,11.0
2012-10-21,51.0,8.0,11.0,0.0,14.0
2012-10-28,55.0,9.0,12.0,0.0,9.0
2012-11-04,33.0,11.0,14.0,0.0,9.0
2012-11-11,35.0,9.0,9.0,0.0,9.0
2012-11-18,51.0,8.0,10.0,0.0,11.0
2012-11-25,33.0,8.0,11.0,0.0,16.0
2012-12-02,45.0,17.0,17.0,0.0,20.0
2012-12-09,51.0,14.0,14.0,0.0,11.0
2012-12-16,42.0,9.0,9.0,0.0,12.0
2012-12-23,63.0,13.0,14.0,0.0,11.0
2012-12-30,46.0,17.0,7.0,0.0,20.0
2013-01-06,26.0,9.0,9.0,0.0,10.0
2013-01-13,33.0,3.0,7.0,0.0,5.0
2013-01-20,32.0,5.0,8.0,0.0,3.0
2013-01-27,49.0,10.0,10.0,0.0,8.0
2013-02-03,31.0,7.0,7.0,0.0,5.0
2013-02-10,47.0,10.0,6.0,0.0,10.0
2013-02-17,23.0,7.0,7.0,0.0,8.0
2013-02-24,42.0,6.0,6.0,0.0,10.0
2013-03-03,43.0,11.0,3.0,0.0,5.0
2013-03-10,38.0,11.0,9.0,0.0,3.0
2013-03-17,49.0,6.0,8.0,0.0,6.0
2013-03-24,26.0,19.0,9.0,0.0,3.0
2013-03-31,35.0,8.0,9.0,0.0,8.0
2013-04-07,33.0,11.0,2.0,0.0,13.0
2013-04-14,39.0,2.0,5.0,0.0,9.0
2013-04-21,31.0,6.0,6.0,0.0,8.0
2013-04-28,36.0,13.0,5.0,0.0,5.0
2013-05-05,25.0,5.0,9.0,0.0,13.0
2013-05-12,31.0,9.0,5.0,0.0,2.0
2013-05-19,27.0,9.0,3.0,0.0,8.0
2013-05-26,28.0,8.0,7.0,0.0,8.0
2013-06-02,35.0,9.0,13.0,0.0,5.0
2013-06-09,30.0,8.0,12.0,0.0,9.0
2013-06-16,37.0,5.0,13.0,0.0,5.0
2013-06-23,36.0,3.0,5.0,0.0,8.0
2013-06-30,33.0,7.0,6.0,0.0,9.0
2013-07-07,38.0,3.0,1.0,0.0,11.0
2013-07-14,37.0,7.0,4.0,0.0,6.0
2013-07-21,38.0,9.0,10.0,0.0,6.0
2013-07-28,21.0,4.0,7.0,0.0,7.0
2013-08-04,32.0,10.0,7.0,0.0,8.0
2013-08-11,31.0,11.0,14.0,0.0,6.0
2013-08-18,31.0,10.0,5.0,0.0,11.0
2013-08-25,42.0,7.0,7.0,0.0,4.0
2013-09-01,36.0,5.0,5.0,0.0,3.0
2013-09-08,45.0,4.0,16.0,0.0,11.0
2013-09-15,48.0,14.0,6.0,0.0,8.0
2013-09-22,34.0,14.0,5.0,0.0,8.0
2013-09-29,38.0,6.0,6.0,0.0,6.0
2013-10-06,39.0,5.0,5.0,0.0,9.0
2013-10-13,35.0,10.0,3.0,0.0,9.0
2013-10-20,42.0,3.0,5.0,0.0,8.0
2013-10-27,46.0,4.0,5.0,0.0,11.0
2013-11-03,39.0,9.0,12.0,0.0,8.0
2013-11-10,38.0,4.0,4.0,0.0,8.0
2013-11-17,54.0,3.0,13.0,0.0,6.0
2013-11-24,41.0,11.0,9.0,0.0,5.0
2013-12-01,40.0,5.0,13.0,0.0,4.0
2013-12-08,35.0,7.0,9.0,0.0,13.0
2013-12-15,34.0,6.0,6.0,0.0,5.0
2013-12-22,33.0,7.0,3.0,0.0,7.0
2013-12-29,41.0,11.0,3.0,0.0,4.0
2014-01-05,53.0,5.0,3.0,0.0,11.0
2014-01-12,50.0,9.0,8.0,0.0,5.0
2014-01-19,54.0,12.0,3.0,0.0,8.0
2014-01-26,42.0,10.0,9.0,0.0,9.0
2014-02-02,40.0,9.0,2.0,0.0,11.0
2014-02-09,35.0,9.0,6.0,0.0,7.0
2014-02-16,45.0,6.0,3.0,0.0,10.0
2014-02-23,43.0,14.0,7.0,0.0,9.0
2014-03-02,46.0,12.0,5.0,0.0,15.0
2014-03-09,41.0,11.0,8.0,0.0,10.0
2014-03-16,46.0,7.0,4.0,0.0,15.0
2014-03-23,58.0,9.0,7.0,0.0,9.0
2014-03-30,41.0,8.0,5.0,0.0,9.0
2014-04-06,46.0,7.0,7.0,0.0,5.0
2014-04-13,38.0,9.0,6.0,0.0,6.0
2014-04-20,36.0,9.0,7.0,0.0,14.0
2014-04-27,43.0,6.0,4.0,0.0,4.0
2014-05-04,30.0,13.0,7.0,0.0,8.0
2014-05-11,47.0,6.0,13.0,0.0,6.0
2014-05-18,41.0,5.0,10.0,0.0,6.0
2014-05-25,53.0,10.0,9.0,0.0,15.0
2014-06-01,50.0,5.0,8.0,0.0,15.0
2014-06-08,51.0,8.0,6.0,0.0,11.0
2014-06-15,55.0,12.0,7.0,0.0,5.0
2014-06-22,46.0,11.0,13.0,0.0,5.0
2014-06-29,61.0,3.0,2.0,0.0,6.0
2014-07-06,44.0,8.0,6.0,0.0,8.0
2014-07-13,67.0,7.0,1.0,0.0,10.0
2014-07-20,45.0,6.0,4.0,0.0,7.0
2014-07-27,57.0,4.0,4.0,0.0,6.0
2014-08-03,39.0,8.0,9.0,0.0,11.0
2014-08-10,52.0,9.0,7.0,0.0,4.0
2014-08-17,53.0,11.0,4.0,0.0,9.0
2014-08-24,66.0,14.0,11.0,0.0,10.0
2014-08-31,75.0,14.0,11.0,0.0,6.0
2014-09-07,68.0,7.0,7.0,0.0,8.0
2014-09-14,72.0,8.0,11.0,0.0,6.0
2014-09-21,67.0,8.0,14.0,0.0,10.0
2014-09-28,77.0,10.0,4.0,0.0,7.0
2014-10-05,48.0,12.0,4.0,0.0,4.0
2014-10-12,72.0,13.0,10.0,0.0,10.0
2014-10-19,56.0,1.0,7.0,0.0,15.0
2014-10-26,57.0,7.0,8.0,0.0,8.0
2014-11-02,60.0,15.0,10.0,0.0,21.0
2014-11-09,44.0,8.0,8.0,0.0,11.0
2014-11-16,59.0,11.0,7.0,0.0,17.0
2014-11-23,38.0,4.0,5.0,0.0,12.0
2014-11-30,51.0,7.0,4.0,0.0,14.0
2014-12-07,53.0,16.0,7.0,0.0,12.0
2014-12-14,63.0,7.0,9.0,0.0,12.0
2014-12-21,72.0,11.0,4.0,0.0,5.0
2014-12-28,64.0,19.0,5.0,0.0,3.0
2015-01-04,61.0,10.0,4.0,0.0,17.0
2015-01-11,62.0,7.0,8.0,0.0,8.0
2015-01-18,48.0,12.0,15.0,0.0,11.0
2015-01-25,62.0,7.0,3.0,0.0,11.0
2015-02-01,44.0,8.0,7.0,0.0,4.0
2015-02-08,55.0,4.0,7.0,0.0,12.0
2015-02-15,69.0,6.0,5.0,0.0,12.0
2015-02-22,66.0,9.0,7.0,0.0,13.0
2015-03-01,100.0,9.0,5.0,0.0,4.0
2015-03-08,74.0,9.0,9.0,0.0,8.0
2015-03-15,65.0,13.0,9.0,0.0,19.0
2015-03-22,70.0,4.0,9.0,0.0,10.0
2015-03-29,93.0,13.0,9.0,0.0,6.0
2015-04-05,58.0,12.0,12.0,0.0,11.0
2015-04-12,50.0,18.0,8.0,0.0,10.0
2015-04-19,58.0,14.0,11.0,0.0,11.0
2015-04-26,71.0,13.0,8.0,0.0,14.0
2015-05-03,69.0,12.0,12.0,0.0,3.0
2015-05-10,75.0,14.0,8.0,0.0,12.0
2015-05-17,64.0,7.0,5.0,0.0,13.0
2015-05-24,46.0,15.0,12.0,0.0,12.0
2015-05-31,46.0,18.0,7.0,0.0,17.0
2015-06-07,69.0,15.0,7.0,0.0,8.0
2015-06-14,53.0,11.0,7.0,0.0,12.0
2015-06-21,49.0,17.0,7.0,0.0,12.0
2015-06-28,49.0,15.0,6.0,0.0,12.0
2015-07-05,73.0,19.0,2.0,0.0,7.0
2015-07-12,66.0,12.0,4.0,0.0,12.0
2015-07-19,56.0,15.0,10.0,0.0,11.0
2015-07-26,64.0,17.0,13.0,0.0,8.0
2015-08-02,61.0,17.0,7.0,0.0,17.0
2015-08-09,60.0,7.0,12.0,0.0,13.0
2015-08-16,61.0,8.0,15.0,0.0,10.0
2015-08-23,62.0,8.0,16.0,0.0,15.0
2015-08-30,52.0,8.0,11.0,0.0,14.0
2015-09-06,77.0,15.0,6.0,0.0,5.0
2015-09-13,74.0,17.0,9.0,0.0,12.0
2015-09-20,69.0,18.0,10.0,0.0,13.0
2015-09-27,74.0,12.0,17.0,0.0,10.0
2015-10-04,64.0,14.0,8.0,0.0,11.0
2015-10-11,96.0,11.0,15.0,0.0,7.0
2015-10-18,68.0,11.0,12.0,0.0,14.0
2015-10-25,85.0,8.0,11.0,0.0,10.0
2015-11-01,66.0,9.0,8.0,0.0,9.0
2015-11-08,69.0,5.0,16.0,0.0,10.0
2015-11-15,70.0,14.0,10.0,0.0,15.0
2015-11-22,65.0,13.0,9.0,0.0,8.0
2015-11-29,54.0,13.0,9.0,0.0,9.0
2015-12-06,60.0,17.0,10.0,0.0,9.0
2015-12-13,65.0,9.0,6.0,0.0,1.0
2015-12-20,93.0,12.0,6.0,0.0,19.0
2015-12-27,93.0,21.0,4.0,0.0,15.0
2016-01-03,79.0,20.0,2.0,0.0,11.0
2016-01-10,59.0,13.0,4.0,0.0,4.0
2016-01-17,82.0,16.0,13.0,0.0,7.0
2016-01-24,90.0,16.0,2.0,0.0,15.0
2016-01-31,77.0,21.0,7.0,0.0,11.0
2016-02-07,99.0,20.0,6.0,0.0,9.0
2016-02-14,87.0,24.0,7.0,0.0,16.0
2016-02-21,71.0,17.0,10.0,0.0,10.0
2016-02-28,65.0,14.0,9.0,0.0,16.0
2016-03-06,60.0,20.0,9.0,0.0,11.0
2016-03-13,69.0,19.0,7.0,0.0,14.0
2016-03-20,82.0,21.0,9.0,0.0,19.0
2016-03-27,59.0,24.0,7.0,0.0,16.0
2016-04-03,73.0,25.0,8.0,0.0,10.0
2016-04-10,83.0,28.0,7.0,0.0,10.0
2016-04-17,61.0,27.0,11.0,0.0,10.0
2016-04-24,71.0,14.0,8.0,0.0,8.0
2016-05-01,81.0,13.0,11.0,0.0,7.0
2016-05-08,74.0,23.0,8.0,0.0,4.0
2016-05-15,76.0,14.0,8.0,0.0,2.0
2016-05-22,65.0,19.0,7.0,0.0,10.0
2016-05-29,64.0,12.0,6.0,0.0,10.0
2016-06-05,79.0,6.0,17.0,0.0,9.0
2016-06-12,64.0,10.0,6.0,0.0,8.0
2016-06-19,69.0,4.0,9.0,0.0,10.0
2016-06-26,64.0,11.0,4.0,0.0,10.0
2016-07-03,58.0,13.0,9.0,0.0,11.0
2016-07-10,66.0,15.0,8.0,0.0,16.0
2016-07-17,79.0,10.0,9.0,0.0,10.0
2016-07-24,72.0,13.0,10.0,0.0,11.0
2016-07-31,57.0,15.0,6.0,0.0,4.0
2016-08-07,61.0,14.0,7.0,0.0,18.0
2016-08-14,76.0,8.0,10.0,0.0,10.0
2016-08-21,76.0,7.0,4.0,0.0,6.0
2016-08-28,74.0,10.0,14.0,0.0,14.0
2016-09-04,86.0,10.0,14.0,0.0,10.0
2016-09-11,100.0,14.0,11.0,0.0,6.0
2016-09-18,59.0,7.0,3.0,0.0,5.0
2016-09-25,68.0,17.0,13.0,0.0,9.0
2016-10-02,71.0,6.0,7.0,0.0,9.0
2016-10-09,76.0,9.0,15.0,0.0,11.0
2016-10-16,74.0,11.0,4.0,0.0,16.0
2016-10-23,68.0,7.0,16.0,0.0,9.0
2016-10-30,74.0,9.0,11.0,0.0,10.0
